code_creation_date,integration_release_date,code_id,channel,spend,signed_up_users,signed_up_users_1_month,signed_up_users_3_month,cac,cac_1_month,cac_3_month,paying_users,profit_actual_by_paid,ROAS,ROAS_6
"1 July, 2021",,1,telegram_bloggers,"107,000",138,117,138,775,914.53,775.36,131,"987,745",923%,923.00%
"2 July, 2021",,2,instagram_bloggers,"11,400",4,4,4,"2,850","2,850","2,850",3,"4,443",39%,39.00%
"4 July, 2021",,3,youtube_bloggers,"100,000",115,98,115,870,"1,020.41",869.57,99,"535,270",535%,535.00%
"5 July, 2021",,4,instagram_bloggers,"27,500",10,10,10,"2,750","2,750","2,750",10,"44,634",162%,162.00%
"5 July, 2021",,5,telegram_bloggers,"10,600",4,4,4,"2,650","2,650","2,650",4,"51,496",486%,486.00%
"6 July, 2021",,6,instagram_bloggers,"167,000",14,13,14,"11,929","12,846.15","11,928.57",12,"74,392",45%,45.00%
"6 July, 2021",,7,youtube_bloggers,"35,000",13,11,13,"2,692","3,181.82","2,692.31",13,"45,787",131%,131.00%
"8 July, 2021",,8,youtube_bloggers,"12,720",17,13,17,748,978.46,748.24,15,"60,431",475%,475.00%
"8 July, 2021",,9,instagram_bloggers,"31,800",11,10,11,"2,891","3,180","2,890.91",10,"73,111",230%,230.00%
"11 July, 2021",,10,instagram_bloggers,"42,400",24,24,24,"1,767","1,766.67","1,766.67",23,"122,799",290%,290.00%
"12 July, 2021",,11,instagram_bloggers,"68,000",29,28,29,"2,345","2,428.57","2,344.83",27,"211,003",310%,310.00%
"12 July, 2021",,12,tiktok_bloggers,"34,567",10,8,9,"3,457","4,320.88","3,840.78",10,"34,231",99%,99.00%
"12 July, 2021",,13,telegram_bloggers,"90,000",35,35,35,"2,571","2,571.43","2,571.43",34,"152,555",170%,170.00%
"12 July, 2021",,14,youtube_bloggers,"374,500",52,42,48,"7,202","8,916.67","7,802.08",47,"204,067",54%,54.00%
"12 July, 2021",,15,youtube_bloggers,"106,000",47,26,41,"2,255","4,076.92","2,585.37",35,"192,379",181%,181.00%
"13 July, 2021",,16,instagram_bloggers,"20,000",6,5,6,"3,333","4,000","3,333.33",5,"47,444",237%,237.00%
"13 July, 2021",,17,youtube_bloggers,"290,000",15,12,14,"19,333","24,166.67","20,714.29",12,"111,221",38%,38.00%
"13 July, 2021",,18,instagram_bloggers,"27,500",10,8,10,"2,750","3,437.5","2,750",9,"55,616",202%,202.00%
"13 July, 2021",,19,youtube_bloggers,"21,200",25,25,25,848,848,848,22,"112,950",533%,533.00%
"14 July, 2021",,20,instagram_bloggers,"50,000",33,28,32,"1,515","1,785.71","1,562.5",30,"133,490",267%,267.00%
"15 July, 2021",,21,youtube_bloggers,"14,400",12,12,12,"1,200","1,200","1,200",10,"50,517",351%,351.00%
"15 July, 2021",,22,youtube_bloggers,"15,000",3,3,3,"5,000","5,000","5,000",3,"2,215",15%,15.00%
"19 July, 2021",,23,instagram_bloggers,"27,560",8,7,8,"3,445","3,937.14","3,445",8,"29,899",108%,108.00%
"20 July, 2021",,24,youtube_bloggers,"170,000",48,31,43,"3,542","5,483.87","3,953.49",47,"351,085",207%,207.00%
"22 July, 2021",,25,youtube_bloggers,"150,000",128,120,128,"1,172","1,250","1,171.88",119,"719,981",480%,480.00%
"22 July, 2021",,26,tiktok_bloggers,"35,000",9,8,9,"3,889","4,375","3,888.89",9,"112,716",322%,322.00%
"22 July, 2021",,27,youtube_bloggers,"100,000",94,68,94,"1,064","1,470.59","1,063.83",88,"547,569",548%,548.00%
"23 July, 2021",,28,telegram_bloggers,"47,700",23,19,23,"2,074","2,510.53","2,073.91",22,"82,701",173%,173.00%
"24 July, 2021",,29,tiktok_bloggers,"51,852",1,0,1,"51,852",0,"51,852",1,855,2%,2.00%
"24 July, 2021",,30,instagram_bloggers,"54,500",3,3,3,"18,167","18,166.67","18,166.67",3,"6,110",11%,11.00%
"26 July, 2021",,31,instagram_bloggers,"46,630",28,28,28,"1,665","1,665.36","1,665.36",28,"164,671",353%,353.00%
"26 July, 2021",,32,instagram_bloggers,"216,000",7,4,6,"30,857","54,000","36,000",7,"42,200",20%,20.00%
"26 July, 2021",,33,instagram_bloggers,"82,000",2,2,2,"41,000","41,000","41,000",2,"18,282",22%,22.00%
"27 July, 2021",,34,youtube_bloggers,"50,000",18,16,18,"2,778","3,125","2,777.78",17,"132,460",265%,265.00%
"27 July, 2021",,35,telegram_bloggers,"24,000",4,4,4,"6,000","6,000","6,000",4,"84,587",352%,352.00%
"28 July, 2021",,36,instagram_bloggers,"15,900",8,6,7,"1,988","2,650","2,271.43",8,"49,507",311%,311.00%
"28 July, 2021",,37,tiktok_bloggers,"34,567",25,21,25,"1,383","1,646.05","1,382.68",22,"63,595",184%,184.00%
"28 July, 2021",,38,youtube_bloggers,"124,200",53,50,53,"2,343","2,484","2,343.4",48,"285,418",230%,230.00%
"30 July, 2021","31 July, 2021",39,youtube_bloggers,"111,300",76,76,76,"1,464","1,464.47","1,464.47",71,"386,831",348%,348.00%
"30 July, 2021",,40,youtube_bloggers,"110,000",17,14,15,"6,471","7,857.14","7,333.33",17,"83,904",76%,76.00%
"30 July, 2021",,41,instagram_bloggers,"70,000",16,16,16,"4,375","4,375","4,375",16,"152,251",218%,218.00%
"30 July, 2021",,42,youtube_bloggers,"40,000",14,14,14,"2,857","2,857.14","2,857.14",14,"74,225",186%,186.00%
"1 August, 2021",,43,telegram_bloggers,"13,000",11,11,11,"1,182","1,181.82","1,181.82",11,"71,724",552%,552.00%
"2 August, 2021",,44,instagram_bloggers,"6,360",3,3,3,"2,120","2,120","2,120",3,"2,116",33%,33.00%
"2 August, 2021",,45,youtube_bloggers,"224,719",71,56,71,"3,165","4,012.84","3,165.06",63,"321,416",143%,143.00%
"2 August, 2021",,46,telegram_bloggers,"5,300",3,2,3,"1,767","2,650","1,766.67",2,"8,174",154%,154.00%
"2 August, 2021",,47,instagram_bloggers,"10,000",5,1,5,"2,000","10,000","2,000",4,"39,322",393%,393.00%
"3 August, 2021",,48,instagram_bloggers,"65,000",2,2,2,"32,500","32,500","32,500",2,"34,080",52%,52.00%
"3 August, 2021",,49,youtube_bloggers,"107,000",90,69,87,"1,189","1,550.72","1,229.89",82,"649,663",607%,607.00%
"3 August, 2021",,50,youtube_bloggers,"47,700",264,186,264,181,256.45,180.68,229,"1,036,597","2,173%","2,173.00%"
"4 August, 2021",,51,instagram_bloggers,"12,000",1,0,1,"12,000",0,"12,000",1,"2,304",19%,19.00%
"4 August, 2021",,52,telegram_bloggers,"85,000",27,18,27,"3,148","4,722.22","3,148.15",26,"169,200",199%,199.00%
"4 August, 2021",,53,telegram_bloggers,"45,000",12,11,12,"3,750","4,090.91","3,750",10,"44,524",99%,99.00%
"5 August, 2021",,54,youtube_bloggers,"296,000",240,213,240,"1,233","1,389.67","1,233.33",221,"1,045,763",353%,353.00%
"5 August, 2021",,55,youtube_bloggers,"23,850",23,15,23,"1,037","1,590","1,036.96",22,"94,359",396%,396.00%
"5 August, 2021",,56,youtube_bloggers,"24,000",20,19,20,"1,200","1,263.16","1,200",18,"185,013",771%,771.00%
"5 August, 2021",,57,telegram_bloggers,"28,000",1,0,1,"28,000",0,"28,000",1,119,0%,0.00%
"6 August, 2021",,58,tiktok_bloggers,"5,526",5,2,4,"1,105","2,763","1,381.5",5,"39,451",714%,714.00%
"6 August, 2021",,59,instagram_bloggers,"42,000",30,26,30,"1,400","1,615.38","1,400",28,"245,889",585%,585.00%
"6 August, 2021",,60,instagram_bloggers,"11,400",1,0,1,"11,400",0,"11,400",1,855,8%,8.00%
"6 August, 2021",,61,instagram_bloggers,"45,000",28,26,28,"1,607","1,730.77","1,607.14",25,"157,254",349%,349.00%
"9 August, 2021",,62,youtube_bloggers,"110,000",10,9,9,"11,000","12,222.22","12,222.22",8,"30,034",27%,27.00%
"11 August, 2021",,63,youtube_bloggers,"197,078",44,28,40,"4,479","7,038.5","4,926.95",42,"333,067",169%,169.00%
"11 August, 2021",,64,instagram_bloggers,"42,400",28,17,28,"1,514","2,494.12","1,514.29",25,"137,243",324%,324.00%
"11 August, 2021",,65,instagram_bloggers,"20,000",6,6,6,"3,333","3,333.33","3,333.33",6,"37,188",186%,186.00%
"11 August, 2021",,66,instagram_bloggers,"46,630",57,43,57,818,"1,084.42",818.07,55,"363,506",780%,780.00%
"11 August, 2021",,67,instagram_bloggers,"121,000",68,58,68,"1,779","2,086.21","1,779.41",62,"345,328",285%,285.00%
"11 August, 2021",,68,youtube_bloggers,"110,000",41,41,41,"2,683","2,682.93","2,682.93",40,"266,924",243%,243.00%
"11 August, 2021",,69,instagram_bloggers,"180,000",90,69,88,"2,000","2,608.7","2,045.45",83,"490,767",273%,273.00%
"11 August, 2021",,70,telegram_bloggers,"26,500",12,10,12,"2,208","2,650","2,208.33",11,"47,490",179%,179.00%
"12 August, 2021",,71,youtube_bloggers,"50,000",35,25,35,"1,429","2,000","1,428.57",29,"80,590",161%,161.00%
"13 August, 2021",,72,youtube_bloggers,"50,000",6,4,5,"8,333","12,500","10,000",4,"50,121",100%,100.00%
"14 August, 2021",,73,youtube_bloggers,"50,000",11,9,10,"4,545","5,555.56","5,000",9,"21,881",44%,44.00%
"16 August, 2021",,74,instagram_bloggers,"49,500",4,3,4,"12,375","16,500","12,375",3,"10,407",21%,21.00%
"17 August, 2021",,75,instagram_bloggers,"68,000",27,27,27,"2,519","2,518.52","2,518.52",24,"86,665",127%,127.00%
"18 August, 2021",,76,youtube_bloggers,"21,200",12,12,12,"1,767","1,766.67","1,766.67",11,"48,410",228%,228.00%
"18 August, 2021",,77,instagram_bloggers,"107,000",209,126,194,512,849.21,551.55,199,"1,424,314","1,331%","1,331.00%"
"19 August, 2021",,78,instagram_bloggers,"84,800",63,58,63,"1,346","1,462.07","1,346.03",52,"291,272",343%,343.00%
"19 August, 2021",,79,youtube_bloggers,"31,800",10,5,9,"3,180","6,360","3,533.33",10,"94,821",298%,298.00%
"22 August, 2021",,80,youtube_bloggers,"111,300",123,105,123,905,"1,060",904.88,117,"484,700",435%,435.00%
"23 August, 2021",,81,youtube_bloggers,"267,500",101,80,100,"2,649","3,343.75","2,675",95,"456,628",171%,171.00%
"23 August, 2021",,82,twitter_bloggers,"8,000",16,9,16,500,888.89,500,16,"64,061",801%,801.00%
"24 August, 2021",,83,instagram_bloggers,"177,800",8,6,7,"22,225","29,633.33","25,400",7,"38,890",22%,22.00%
"25 August, 2021",,84,youtube_bloggers,"15,900",6,5,6,"2,650","3,180","2,650",6,"29,344",185%,185.00%
"25 August, 2021",,85,youtube_bloggers,"150,000",101,101,101,"1,485","1,485.15","1,485.15",89,"535,372",357%,357.00%
"25 August, 2021",,86,instagram_bloggers,"52,788",8,6,7,"6,599","8,798","7,541.14",8,"30,178",57%,57.00%
"26 August, 2021",,87,instagram_bloggers,"110,000",26,15,22,"4,231","7,333.33","5,000",24,"131,883",120%,120.00%
"26 August, 2021",,88,youtube_bloggers,"12,720",9,9,9,"1,413","1,413.33","1,413.33",9,"95,204",748%,748.00%
"26 August, 2021",,89,instagram_bloggers,"120,000",13,11,13,"9,231","10,909.09","9,230.77",13,"61,865",52%,52.00%
"27 August, 2021",,90,instagram_bloggers,"70,000",34,34,34,"2,059","2,058.82","2,058.82",32,"162,967",233%,233.00%
"27 August, 2021",,91,youtube_bloggers,"63,085",19,15,19,"3,320","4,205.67","3,320.26",15,"41,644",66%,66.00%
"29 August, 2021",,92,instagram_bloggers,"95,100",30,25,30,"3,170","3,804","3,170",27,"115,406",121%,121.00%
"29 August, 2021",,93,youtube_bloggers,"44,520",9,5,9,"4,947","8,904","4,946.67",7,"12,003",27%,27.00%
"30 August, 2021",,94,youtube_bloggers,"40,000",29,21,26,"1,379","1,904.76","1,538.46",28,"189,569",474%,474.00%
"30 August, 2021",,95,youtube_bloggers,"124,200",59,59,59,"2,105","2,105.08","2,105.08",55,"279,610",225%,225.00%
"30 August, 2021",,96,youtube_bloggers,"130,000",15,15,15,"8,667","8,666.67","8,666.67",13,"104,185",80%,80.00%
"1 September, 2021",,97,youtube_bloggers,"37,000",33,14,33,"1,121","2,642.86","1,121.21",31,"158,336",428%,428.00%
"2 September, 2021",,98,instagram_bloggers,"20,000",4,4,4,"5,000","5,000","5,000",4,"9,526",48%,48.00%
"2 September, 2021",,99,youtube_bloggers,"318,000",72,60,67,"4,417","5,300","4,746.27",68,"430,513",135%,135.00%
"4 September, 2021",,100,youtube_bloggers,"127,200",14,13,13,"9,086","9,784.62","9,784.62",13,"65,702",52%,52.00%
"4 September, 2021",,101,youtube_bloggers,"106,500",7,6,7,"15,214","17,750","15,214.29",5,"41,413",39%,39.00%
"7 September, 2021",,102,instagram_bloggers,"31,800",12,11,12,"2,650","2,890.91","2,650",12,"97,942",308%,308.00%
"8 September, 2021",,103,youtube_bloggers,"110,000",44,33,44,"2,500","3,333.33","2,500",40,"160,795",146%,146.00%
"9 September, 2021",,104,youtube_bloggers,"40,000",22,21,22,"1,818","1,904.76","1,818.18",20,"77,566",194%,194.00%
"9 September, 2021",,105,telegram_bloggers,"13,000",3,3,3,"4,333","4,333.33","4,333.33",3,"21,284",164%,164.00%
"10 September, 2021",,106,instagram_bloggers,"36,750",2,2,2,"18,375","18,375","18,375",2,"28,712",78%,78.00%
"10 September, 2021",,107,youtube_bloggers,"35,000",7,2,5,"5,000","17,500","7,000",6,"39,258",112%,112.00%
"10 September, 2021",,108,instagram_bloggers,"45,000",38,38,38,"1,184","1,184.21","1,184.21",38,"211,293",470%,470.00%
"10 September, 2021",,109,telegram_bloggers,"45,000",25,12,18,"1,800","3,750","2,500",23,"108,770",242%,242.00%
"14 September, 2021",,110,instagram_bloggers,"300,000",31,28,31,"9,677","10,714.29","9,677.42",31,"164,133",55%,55.00%
"14 September, 2021",,111,youtube_bloggers,"48,000",7,6,7,"6,857","8,000","6,857.14",7,"43,018",90%,90.00%
"15 September, 2021",,112,youtube_bloggers,"85,000",15,9,13,"5,667","9,444.44","6,538.46",13,"77,948",92%,92.00%
"16 September, 2021",,113,youtube_bloggers,"58,330",84,43,71,694,"1,356.51",821.55,80,"562,252",964%,964.00%
"17 September, 2021",,114,youtube_bloggers,"19,905",3,1,1,"6,635","19,905","19,905",3,"13,301",67%,67.00%
"17 September, 2021",,115,youtube_bloggers,"150,000",137,137,137,"1,095","1,094.89","1,094.89",126,"627,185",418%,418.00%
"20 September, 2021",,116,youtube_bloggers,"40,000",9,8,9,"4,444","5,000","4,444.44",6,"41,448",104%,104.00%
"20 September, 2021",,117,instagram_bloggers,"27,000",11,11,11,"2,455","2,454.55","2,454.55",10,"71,414",264%,264.00%
"20 September, 2021",,118,instagram_bloggers,"49,500",13,9,10,"3,808","5,500","4,950",12,"65,740",133%,133.00%
"20 September, 2021",,119,instagram_bloggers,"7,420",2,2,2,"3,710","3,710","3,710",1,"4,329",58%,58.00%
"22 September, 2021",,120,telegram_bloggers,"47,700",16,13,16,"2,981","3,669.23","2,981.25",15,"77,584",163%,163.00%
"22 September, 2021",,121,youtube_bloggers,"21,200",8,8,8,"2,650","2,650","2,650",6,"20,590",97%,97.00%
"22 September, 2021",,122,instagram_bloggers,"42,000",24,20,23,"1,750","2,100","1,826.09",22,"171,283",408%,408.00%
"22 September, 2021",,123,instagram_bloggers,"46,630",64,58,64,729,803.97,728.59,61,"234,530",503%,503.00%
"23 September, 2021",,124,instagram_bloggers,"124,200",16,14,15,"7,763","8,871.43","8,280",13,"85,594",69%,69.00%
"23 September, 2021",,125,youtube_bloggers,"24,000",11,9,11,"2,182","2,666.67","2,181.82",10,"84,495",352%,352.00%
"23 September, 2021",,126,youtube_bloggers,"15,000",25,25,25,600,600,600,24,"120,843",806%,806.00%
"23 September, 2021",,127,instagram_bloggers,"5,618",2,2,2,"2,809","2,809","2,809",1,"3,469",62%,62.00%
"24 September, 2021",,128,instagram_bloggers,"42,400",17,17,17,"2,494","2,494.12","2,494.12",16,"125,490",296%,296.00%
"24 September, 2021",,129,telegram_bloggers,"8,480",7,0,7,"1,211",0,"1,211.43",7,"33,753",398%,398.00%
"24 September, 2021",,130,youtube_bloggers,"130,000",32,20,32,"4,063","6,500","4,062.5",30,"232,286",179%,179.00%
"27 September, 2021",,131,instagram_bloggers,"66,000",9,9,9,"7,333","7,333.33","7,333.33",7,"11,518",17%,17.00%
"27 September, 2021",,132,instagram_bloggers,"121,000",54,51,54,"2,241","2,372.55","2,240.74",48,"286,781",237%,237.00%
"27 September, 2021",,133,telegram_bloggers,"20,000",9,6,9,"2,222","3,333.33","2,222.22",9,"16,220",81%,81.00%
"27 September, 2021",,134,youtube_bloggers,"124,200",64,42,64,"1,941","2,957.14","1,940.63",57,"296,154",238%,238.00%
"27 September, 2021",,135,instagram_bloggers,"70,000",8,5,7,"8,750","14,000","10,000",8,"46,500",66%,66.00%
"27 September, 2021",,136,instagram_bloggers,"145,000",20,15,20,"7,250","9,666.67","7,250",17,"90,339",62%,62.00%
"28 September, 2021",,137,instagram_bloggers,"93,500",4,3,4,"23,375","31,166.67","23,375",4,"32,917",35%,35.00%
"28 September, 2021",,138,youtube_bloggers,"107,000",49,47,49,"2,184","2,276.6","2,183.67",49,"241,729",226%,226.00%
"29 September, 2021",,139,youtube_bloggers,"110,000",30,21,25,"3,667","5,238.1","4,400",26,"85,585",78%,78.00%
"29 September, 2021",,140,instagram_bloggers,"70,000",19,19,19,"3,684","3,684.21","3,684.21",18,"56,247",80%,80.00%
"29 September, 2021",,141,youtube_bloggers,"600,000",139,101,125,"4,317","5,940.59","4,800",129,"638,525",106%,106.00%
"30 September, 2021",,142,youtube_bloggers,"279,570",57,51,56,"4,905","5,481.76","4,992.32",53,"271,895",97%,97.00%
"30 September, 2021",,143,instagram_bloggers,"60,000",10,10,10,"6,000","6,000","6,000",10,"43,415",72%,72.00%
"30 September, 2021",,144,youtube_bloggers,"296,000",73,71,73,"4,055","4,169.01","4,054.79",66,"247,692",84%,84.00%
"30 September, 2021",,145,facebook_bloggers,"100,000",5,5,5,"20,000","20,000","20,000",5,"25,625",26%,26.00%
"30 September, 2021",,146,instagram_bloggers,"100,000",6,3,4,"16,667","33,333.33","25,000",5,"20,568",21%,21.00%
"1 October, 2021",,147,youtube_bloggers,"111,300",42,42,42,"2,650","2,650","2,650",40,"205,678",185%,185.00%
"4 October, 2021",,148,instagram_bloggers,"78,000",10,6,7,"7,800","13,000","11,142.86",10,"65,923",85%,85.00%
"5 October, 2021",,149,instagram_bloggers,"21,400",1,1,1,"21,400","21,400","21,400",1,"1,182",6%,6.00%
"5 October, 2021",,150,telegram_bloggers,"75,000",6,3,5,"12,500","25,000","15,000",4,"8,179",11%,11.00%
"7 October, 2021",,151,instagram_bloggers,"109,000",53,40,53,"2,057","2,725","2,056.6",51,"346,575",318%,318.00%
"7 October, 2021",,152,instagram_bloggers,"41,650",8,4,8,"5,206","10,412.5","5,206.25",8,"26,554",64%,64.00%
"8 October, 2021",,153,telegram_bloggers,"6,000",3,3,3,"2,000","2,000","2,000",2,525,9%,9.00%
"8 October, 2021",,154,youtube_bloggers,"100,000",41,37,41,"2,439","2,702.7","2,439.02",38,"215,504",216%,216.00%
"11 October, 2021",,155,youtube_bloggers,"109,000",187,187,187,583,582.89,582.89,166,"745,005",683%,683.00%
"11 October, 2021",,156,instagram_bloggers,"130,000",32,32,32,"4,063","4,062.5","4,062.5",30,"78,624",60%,60.00%
"12 October, 2021",,157,telegram_bloggers,"15,900",1,1,1,"15,900","15,900","15,900",1,"9,862",62%,62.00%
"13 October, 2021",,158,instagram_bloggers,"50,000",4,4,4,"12,500","12,500","12,500",4,"12,344",25%,25.00%
"13 October, 2021",,159,youtube_bloggers,"150,000",143,143,143,"1,049","1,048.95","1,048.95",135,"657,131",438%,438.00%
"13 October, 2021",,160,youtube_bloggers,"100,000",14,6,12,"7,143","16,666.67","8,333.33",14,"100,529",101%,101.00%
"13 October, 2021",,161,telegram_bloggers,"85,000",24,22,24,"3,542","3,863.64","3,541.67",21,"175,434",206%,206.00%
"13 October, 2021",,162,youtube_bloggers,"385,000",132,72,117,"2,917","5,347.22","3,290.6",117,"452,821",118%,118.00%
"13 October, 2021",,163,telegram_bloggers,"15,000",8,8,8,"1,875","1,875","1,875",8,"72,231",482%,482.00%
"14 October, 2021",,164,youtube_bloggers,"60,000",28,28,28,"2,143","2,142.86","2,142.86",22,"120,621",201%,201.00%
"14 October, 2021",,165,youtube_bloggers,"21,200",20,9,15,"1,060","2,355.56","1,413.33",17,"75,864",358%,358.00%
"14 October, 2021",,166,instagram_bloggers,"70,000",44,34,44,"1,591","2,058.82","1,590.91",41,"345,278",493%,493.00%
"14 October, 2021",,167,youtube_bloggers,"25,500",43,43,43,593,593.02,593.02,41,"173,325",680%,680.00%
"15 October, 2021",,168,youtube_bloggers,"53,000",6,5,6,"8,833","10,600","8,833.33",5,"21,759",41%,41.00%
"15 October, 2021",,169,youtube_bloggers,"111,300",63,59,63,"1,767","1,886.44","1,766.67",59,"298,560",268%,268.00%
"17 October, 2021",,170,instagram_bloggers,"68,900",5,5,5,"13,780","13,780","13,780",5,"19,995",29%,29.00%
"17 October, 2021",,171,instagram_bloggers,"5,700",10,10,10,570,570,570,9,"96,628","1,695%","1,695.00%"
"18 October, 2021",,172,telegram_bloggers,"26,500",8,5,8,"3,313","5,300","3,312.5",6,"71,411",269%,269.00%
"19 October, 2021",,173,instagram_bloggers,"11,000",10,10,10,"1,100","1,100","1,100",10,"62,393",567%,567.00%
"20 October, 2021",,174,youtube_bloggers,"110,000",88,88,88,"1,250","1,250","1,250",83,"483,188",439%,439.00%
"20 October, 2021",,175,instagram_bloggers,"31,800",13,13,13,"2,446","2,446.15","2,446.15",13,"18,292",58%,58.00%
"21 October, 2021",,176,instagram_bloggers,"36,170",10,9,10,"3,617","4,018.89","3,617",8,"22,365",62%,62.00%
"23 October, 2021",,177,instagram_bloggers,"42,400",22,22,22,"1,927","1,927.27","1,927.27",18,"118,625",280%,280.00%
"24 October, 2021",,178,instagram_bloggers,"26,000",6,5,5,"4,333","5,200","5,200",5,"19,868",76%,76.00%
"24 October, 2021",,179,youtube_bloggers,"47,700",266,217,266,179,219.82,179.32,245,"1,071,658","2,247%","2,247.00%"
"24 October, 2021",,180,instagram_bloggers,"41,010",6,6,6,"6,835","6,835","6,835",6,"23,230",57%,57.00%
"25 October, 2021",,181,instagram_bloggers,"15,000",4,2,3,"3,750","7,500","5,000",4,"2,736",18%,18.00%
"26 October, 2021",,182,youtube_bloggers,"100,000",36,35,36,"2,778","2,857.14","2,777.78",32,"136,611",137%,137.00%
"27 October, 2021","31 October, 2021",183,youtube_bloggers,"165,000",6,3,5,"27,500","55,000","33,000",6,"6,288",4%,4.00%
"27 October, 2021",,184,instagram_bloggers,"46,630",25,25,25,"1,865","1,865.2","1,865.2",20,"115,142",247%,247.00%
"27 October, 2021",,185,youtube_bloggers,"45,000",26,26,26,"1,731","1,730.77","1,730.77",22,"173,744",386%,386.00%
"27 October, 2021",,186,youtube_bloggers,"250,000",83,77,83,"3,012","3,246.75","3,012.05",71,"290,791",116%,116.00%
"27 October, 2021",,187,instagram_bloggers,"12,720",12,8,12,"1,060","1,590","1,060",12,"39,895",314%,314.00%
"28 October, 2021","29 October, 2021",188,youtube_bloggers,"70,000",19,19,19,"3,684","3,684.21","3,684.21",16,"63,115",90%,90.00%
"28 October, 2021","29 October, 2021",189,youtube_bloggers,"21,300",11,11,11,"1,936","1,936.36","1,936.36",11,"49,193",231%,231.00%
"28 October, 2021",,190,instagram_bloggers,"15,000",11,11,11,"1,364","1,363.64","1,363.64",10,"48,937",326%,326.00%
"28 October, 2021",,191,instagram_bloggers,"27,000",14,14,14,"1,929","1,928.57","1,928.57",12,"73,516",272%,272.00%
"28 October, 2021",,192,youtube_bloggers,"162,250",6,5,5,"27,042","32,450","32,450",6,"26,760",16%,16.00%
"31 October, 2021","1 November, 2021",193,instagram_bloggers,"8,511",7,7,7,"1,216","1,215.86","1,215.86",4,"6,384",75%,75.00%
"1 November, 2021","2 November, 2021",194,instagram_bloggers,"130,000",37,29,34,"3,514","4,482.76","3,823.53",33,"183,374",141%,141.00%
"1 November, 2021","2 November, 2021",195,twitter_bloggers,"12,000",9,9,9,"1,333","1,333.33","1,333.33",9,"26,664",222%,222.00%
"2 November, 2021","3 November, 2021",196,tiktok_bloggers,"45,000",8,4,6,"5,625","11,250","7,500",8,"65,016",144%,144.00%
"3 November, 2021","4 November, 2021",197,youtube_bloggers,"213,000",91,91,91,"2,341","2,340.66","2,340.66",84,"447,744",210%,210.00%
"3 November, 2021","4 November, 2021",198,instagram_bloggers,"15,900",1,0,0,"15,900",0,0,1,419,3%,3.00%
"4 November, 2021","5 May, 2021",199,youtube_bloggers,"296,000",78,2,3,"3,795","148,000","98,666.67",72,"284,158",96%,96.00%
"4 November, 2021","6 November, 2021",200,instagram_bloggers,"121,000",56,51,56,"2,161","2,372.55","2,160.71",49,"275,237",227%,227.00%
"4 November, 2021",,201,instagram_bloggers,"11,660",4,3,4,"2,915","3,886.67","2,915",3,"5,070",43%,43.00%
"7 November, 2021","23 November, 2021",202,instagram_bloggers,"7,950",1,1,1,"7,950","7,950","7,950",1,"11,103",140%,140.00%
"9 November, 2021","10 November, 2021",203,telegram_bloggers,"47,700",24,14,24,"1,988","3,407.14","1,987.5",22,"103,406",217%,217.00%
"9 November, 2021","10 November, 2021",204,youtube_bloggers,"109,000",97,97,97,"1,124","1,123.71","1,123.71",87,"316,758",291%,291.00%
"10 November, 2021","11 November, 2021",205,instagram_bloggers,"30,000",13,13,13,"2,308","2,307.69","2,307.69",12,"30,513",102%,102.00%
"10 November, 2021","11 November, 2021",206,instagram_bloggers,"42,000",10,10,10,"4,200","4,200","4,200",10,"60,616",144%,144.00%
"10 November, 2021","12 November, 2021",207,telegram_bloggers,"15,000",7,6,7,"2,143","2,500","2,142.86",6,"27,977",187%,187.00%
"10 November, 2021","30 November, 2021",208,instagram_bloggers,"132,500",31,15,23,"4,274","8,833.33","5,760.87",27,"138,914",105%,105.00%
"11 November, 2021","11 November, 2021",209,instagram_bloggers,"12,000",4,3,4,"3,000","4,000","3,000",4,"39,735",331%,331.00%
"11 November, 2021","12 November, 2021",210,instagram_bloggers,"14,000",2,2,2,"7,000","7,000","7,000",2,"17,425",124%,124.00%
"11 November, 2021","12 November, 2021",211,youtube_bloggers,"25,500",20,20,20,"1,275","1,275","1,275",18,"41,766",164%,164.00%
"11 November, 2021","12 November, 2021",212,instagram_bloggers,"18,000",14,14,14,"1,286","1,285.71","1,285.71",12,"51,645",287%,287.00%
"11 November, 2021","13 November, 2021",213,instagram_bloggers,"5,700",2,2,2,"2,850","2,850","2,850",1,809,14%,14.00%
"11 November, 2021","21 November, 2021",214,youtube_bloggers,"53,150",11,5,10,"4,832","10,630","5,315",9,"69,140",130%,130.00%
"11 November, 2021","27 January, 2022",215,instagram_bloggers,"10,000",7,7,7,"1,429","1,428.57","1,428.57",6,"4,046",40%,0.00%
"12 November, 2021","14 November, 2021",216,youtube_bloggers,"150,000",143,142,143,"1,049","1,056.34","1,048.95",133,"628,995",419%,419.00%
"12 November, 2021","14 November, 2021",217,instagram_bloggers,"133,560",57,57,57,"2,343","2,343.16","2,343.16",53,"279,485",209%,209.00%
"14 November, 2021","15 November, 2021",218,instagram_bloggers,"6,500",2,2,2,"3,250","3,250","3,250",2,"2,047",31%,31.00%
"14 November, 2021","15 November, 2021",219,instagram_bloggers,"37,100",8,5,7,"4,638","7,420","5,300",8,"30,339",82%,82.00%
"14 November, 2021","15 November, 2021",220,telegram_bloggers,"13,000",7,4,7,"1,857","3,250","1,857.14",7,"15,987",123%,123.00%
"14 November, 2021","15 November, 2021",221,instagram_bloggers,"12,190",4,4,4,"3,048","3,047.5","3,047.5",4,"4,243",35%,35.00%
"14 November, 2021","15 November, 2021",222,instagram_bloggers,"25,000",7,5,6,"3,571","5,000","4,166.67",6,"50,380",202%,202.00%
"14 November, 2021","15 November, 2021",223,youtube_bloggers,"40,000",15,15,15,"2,667","2,666.67","2,666.67",15,"71,514",179%,179.00%
"15 November, 2021","15 November, 2021",224,instagram_bloggers,"73,140",11,11,11,"6,649","6,649.09","6,649.09",11,"31,658",43%,43.00%
"15 November, 2021","16 November, 2021",225,instagram_bloggers,"46,630",42,42,42,"1,110","1,110.24","1,110.24",39,"91,792",197%,197.00%
"15 November, 2021","16 November, 2021",226,tiktok_bloggers,"19,900",1,1,1,"19,900","19,900","19,900",1,382,2%,2.00%
"15 November, 2021","16 November, 2021",227,youtube_bloggers,"20,800",8,8,8,"2,600","2,600","2,600",8,"40,211",193%,193.00%
"16 November, 2021","17 November, 2021",228,youtube_bloggers,"30,340",12,12,12,"2,528","2,528.33","2,528.33",10,"23,996",79%,79.00%
"16 November, 2021","17 November, 2021",229,youtube_bloggers,"78,440",1,1,1,"78,440","78,440","78,440",1,"3,099",4%,4.00%
"16 November, 2021","17 November, 2021",230,telegram_bloggers,"6,000",2,2,2,"3,000","3,000","3,000",2,"6,425",107%,107.00%
"17 November, 2021","18 November, 2021",231,youtube_bloggers,"60,000",44,44,44,"1,364","1,363.64","1,363.64",39,"184,865",308%,308.00%
"17 November, 2021","18 November, 2021",232,instagram_bloggers,"6,390",6,5,6,"1,065","1,278","1,065",5,"19,252",301%,301.00%
"17 November, 2021","18 November, 2021",233,youtube_bloggers,"110,000",56,56,56,"1,964","1,964.29","1,964.29",50,"279,613",254%,254.00%
"18 November, 2021","19 November, 2021",234,instagram_bloggers,"27,000",16,11,16,"1,688","2,454.55","1,687.5",15,"81,964",304%,304.00%
"18 November, 2021","19 November, 2021",235,youtube_bloggers,"21,300",18,18,18,"1,183","1,183.33","1,183.33",17,"40,671",191%,191.00%
"18 November, 2021","24 November, 2021",236,instagram_bloggers,"5,000",3,3,3,"1,667","1,666.67","1,666.67",3,"3,814",76%,76.00%
"19 November, 2021","21 November, 2021",237,youtube_bloggers,"111,300",42,42,42,"2,650","2,650","2,650",40,"162,787",146%,146.00%
"19 November, 2021","22 November, 2021",238,instagram_bloggers,"1,000",3,2,3,333,500,333.33,3,"5,508",551%,551.00%
"19 November, 2021","24 November, 2021",239,youtube_bloggers,"48,000",6,4,6,"8,000","12,000","8,000",6,"11,720",24%,24.00%
"20 November, 2021","21 November, 2021",240,instagram_bloggers,"7,280",2,1,2,"3,640","7,280","3,640",1,"10,344",142%,142.00%
"21 November, 2021","22 November, 2021",241,youtube_bloggers,"190,000",64,57,64,"2,969","3,333.33","2,968.75",61,"367,182",193%,193.00%
"21 November, 2021","22 November, 2021",242,instagram_bloggers,"10,000",5,3,4,"2,000","3,333.33","2,500",5,"49,632",496%,496.00%
"21 November, 2021","22 November, 2021",243,instagram_bloggers,"53,000",6,6,6,"8,833","8,833.33","8,833.33",6,"18,017",34%,34.00%
"21 November, 2021","22 November, 2021",244,instagram_bloggers,"4,500",1,1,1,"4,500","4,500","4,500",1,97,2%,2.00%
"21 November, 2021","23 November, 2021",245,instagram_bloggers,"11,000",3,3,3,"3,667","3,666.67","3,666.67",3,"8,706",79%,79.00%
"21 November, 2021","24 November, 2021",246,youtube_bloggers,"124,200",33,33,33,"3,764","3,763.64","3,763.64",31,"119,184",96%,96.00%
"21 November, 2021","29 November, 2021",247,tiktok_bloggers,"96,000",20,18,20,"4,800","5,333.33","4,800",17,"83,099",87%,87.00%
"21 November, 2021","8 December, 2021",248,instagram_bloggers,"76,500",4,3,3,"19,125","25,500","25,500",4,"17,644",23%,23.00%
"22 November, 2021","23 November, 2021",249,instagram_bloggers,"33,000",11,5,9,"3,000","6,600","3,666.67",10,"18,106",55%,55.00%
"23 November, 2021","24 November, 2021",250,instagram_bloggers,"42,400",17,17,17,"2,494","2,494.12","2,494.12",15,"142,509",336%,336.00%
"23 November, 2021","24 November, 2021",251,instagram_bloggers,"180,000",43,34,41,"4,186","5,294.12","4,390.24",40,"207,683",115%,115.00%
"23 November, 2021","26 November, 2021",252,tiktok_bloggers,"4,000",3,1,3,"1,333","4,000","1,333.33",2,850,21%,21.00%
"23 November, 2021","28 November, 2021",253,tiktok_bloggers,"5,000",1,0,1,"5,000",0,"5,000",1,"1,003",20%,20.00%
"24 November, 2021","24 November, 2021",254,instagram_bloggers,"6,383",2,2,2,"3,192","3,191.5","3,191.5",2,"23,836",373%,373.00%
"24 November, 2021","24 November, 2021",255,instagram_bloggers,"112,500",31,31,31,"3,629","3,629.03","3,629.03",31,"124,143",110%,110.00%
"24 November, 2021","25 November, 2021",256,youtube_bloggers,"70,000",4,4,4,"17,500","17,500","17,500",3,"8,620",12%,12.00%
"24 November, 2021","25 November, 2021",257,instagram_bloggers,"10,700",1,1,1,"10,700","10,700","10,700",1,989,9%,9.00%
"25 November, 2021","26 November, 2021",258,youtube_bloggers,"30,000",5,3,4,"6,000","10,000","7,500",4,"21,121",70%,70.00%
"25 November, 2021","26 November, 2021",259,youtube_bloggers,"29,574",10,8,9,"2,957","3,696.75","3,286",10,"24,488",83%,83.00%
"25 November, 2021","26 November, 2021",260,youtube_bloggers,"6,000",1,1,1,"6,000","6,000","6,000",1,425,7%,7.00%
"25 November, 2021","26 November, 2021",261,instagram_bloggers,"21,200",4,3,4,"5,300","7,066.67","5,300",4,"12,478",59%,59.00%
"25 November, 2021","26 November, 2021",262,telegram_bloggers,"85,000",22,22,22,"3,864","3,863.64","3,863.64",21,"99,579",117%,117.00%
"25 November, 2021","26 November, 2021",263,youtube_bloggers,"24,000",2,2,2,"12,000","12,000","12,000",2,"5,100",21%,21.00%
"25 November, 2021","26 November, 2021",264,youtube_bloggers,"54,000",11,9,11,"4,909","6,000","4,909.09",11,"47,242",87%,87.00%
"25 November, 2021","26 November, 2021",265,instagram_bloggers,"15,900",1,0,0,"15,900",0,0,1,"6,520",41%,41.00%
"25 November, 2021","26 November, 2021",266,instagram_bloggers,"26,750",11,5,9,"2,432","5,350","2,972.22",11,"33,681",126%,126.00%
"25 November, 2021","29 November, 2021",267,instagram_bloggers,"70,000",8,8,8,"8,750","8,750","8,750",7,"27,681",40%,40.00%
"26 November, 2021","30 November, 2021",268,instagram_bloggers,"41,500",14,13,14,"2,964","3,192.31","2,964.29",11,"41,891",101%,101.00%
"28 November, 2021","29 November, 2021",269,telegram_bloggers,"20,000",18,13,18,"1,111","1,538.46","1,111.11",17,"97,708",489%,489.00%
"28 November, 2021","30 November, 2021",270,youtube_bloggers,"25,000",9,9,9,"2,778","2,777.78","2,777.78",8,"39,430",158%,158.00%
"29 November, 2021","29 November, 2021",271,instagram_bloggers,"31,800",1,1,1,"31,800","31,800","31,800",1,"12,060",38%,38.00%
"29 November, 2021","30 November, 2021",272,instagram_bloggers,"15,000",18,15,17,833,"1,000",882.35,16,"55,926",373%,373.00%
"30 November, 2021","1 December, 2021",273,youtube_bloggers,"160,000",39,39,39,"4,103","4,102.56","4,102.56",36,"147,658",92%,92.00%
"1 December, 2021","2 December, 2021",274,instagram_bloggers,"50,000",6,4,4,"8,333","12,500","12,500",6,"38,197",76%,76.00%
"1 December, 2021","4 December, 2021",275,instagram_bloggers,"15,900",3,3,3,"5,300","5,300","5,300",2,"1,613",10%,10.00%
"1 December, 2021","5 December, 2021",276,youtube_bloggers,"38,160",8,6,8,"4,770","6,360","4,770",7,"35,936",94%,94.00%
"2 December, 2021","3 December, 2021",277,youtube_bloggers,"70,000",21,12,21,"3,333","5,833.33","3,333.33",19,"29,233",42%,42.00%
"2 December, 2021","4 December, 2021",278,youtube_bloggers,"40,000",16,12,16,"2,500","3,333.33","2,500",16,"97,640",244%,244.00%
"3 December, 2021","4 December, 2021",279,twitter_bloggers,"12,766",13,11,13,982,"1,160.55",982,11,"24,081",189%,189.00%
"3 December, 2021","5 December, 2021",280,instagram_bloggers,"15,000",5,5,5,"3,000","3,000","3,000",4,"28,115",187%,187.00%
"3 December, 2021","5 December, 2021",281,youtube_bloggers,"60,000",24,23,24,"2,500","2,608.7","2,500",23,"91,430",152%,152.00%
"5 December, 2021","6 December, 2021",282,youtube_bloggers,"63,000",91,86,91,692,732.56,692.31,80,"356,166",565%,565.00%
"5 December, 2021","6 December, 2021",283,telegram_bloggers,"8,480",9,6,9,942,"1,413.33",942.22,9,"73,990",873%,873.00%
"6 December, 2021","7 December, 2021",284,instagram_bloggers,"60,000",16,15,16,"3,750","4,000","3,750",15,"119,068",198%,198.00%
"6 December, 2021","7 December, 2021",285,instagram_bloggers,"16,500",4,4,4,"4,125","4,125","4,125",4,"7,982",48%,48.00%
"6 December, 2021","7 December, 2021",286,youtube_bloggers,"26,000",31,28,31,839,928.57,838.71,26,"88,470",340%,340.00%
"6 December, 2021","7 December, 2021",287,instagram_bloggers,"7,000",6,6,6,"1,167","1,166.67","1,166.67",5,"27,695",396%,396.00%
"6 December, 2021","7 December, 2021",288,instagram_bloggers,"91,800",9,7,9,"10,200","13,114.29","10,200",9,"64,058",70%,70.00%
"7 December, 2021","8 December, 2021",289,telegram_bloggers,"21,200",1,0,0,"21,200",0,0,1,"1,945",9%,9.00%
"8 December, 2021","9 December, 2021",290,youtube_bloggers,"109,000",111,100,111,982,"1,090",981.98,98,"354,862",326%,326.00%
"8 December, 2021","9 December, 2021",291,instagram_bloggers,"70,000",48,36,48,"1,458","1,944.44","1,458.33",44,"235,325",336%,336.00%
"8 December, 2021","9 December, 2021",292,youtube_bloggers,"250,000",123,98,123,"2,033","2,551.02","2,032.52",112,"599,141",240%,240.00%
"9 December, 2021","8 December, 2021",293,youtube_bloggers,"30,340",9,9,9,"3,371","3,371.11","3,371.11",8,"46,050",152%,152.00%
"9 December, 2021","10 December, 2021",294,instagram_bloggers,"42,000",20,16,20,"2,100","2,625","2,100",20,"117,804",280%,280.00%
"9 December, 2021","10 December, 2021",295,instagram_bloggers,"139,000",83,68,83,"1,675","2,044.12","1,674.7",78,"458,669",330%,330.00%
"10 December, 2021","10 December, 2021",296,youtube_bloggers,"111,300",71,61,71,"1,568","1,824.59","1,567.61",62,"218,450",196%,196.00%
"10 December, 2021","10 December, 2021",297,youtube_bloggers,"100,000",20,16,20,"5,000","6,250","5,000",18,"63,867",64%,64.00%
"10 December, 2021","11 December, 2021",298,instagram_bloggers,"15,000",3,3,3,"5,000","5,000","5,000",3,"3,701",25%,25.00%
"10 December, 2021","21 December, 2021",299,telegram_bloggers,"11,500",9,7,9,"1,278","1,642.86","1,277.78",9,"40,730",354%,354.00%
"11 December, 2021","13 December, 2021",300,youtube_bloggers,"150,000",39,36,39,"3,846","4,166.67","3,846.15",36,"170,511",114%,114.00%
"11 December, 2021","13 December, 2021",301,youtube_bloggers,"240,000",25,12,23,"9,600","20,000","10,434.78",22,"73,203",31%,31.00%
"13 December, 2021","13 December, 2021",302,instagram_bloggers,"15,900",3,3,3,"5,300","5,300","5,300",3,"5,090",32%,32.00%
"13 December, 2021","14 December, 2021",303,instagram_bloggers,"4,500",3,3,3,"1,500","1,500","1,500",3,"20,927",465%,465.00%
"13 December, 2021","16 December, 2021",304,instagram_bloggers,"5,000",2,2,2,"2,500","2,500","2,500",1,419,8%,8.00%
"14 December, 2021","15 November, 2021",305,instagram_bloggers,"12,000",2,1,2,"6,000","12,000","6,000",2,"11,816",98%,98.00%
"14 December, 2021","16 December, 2021",306,instagram_bloggers,"11,000",11,7,11,"1,000","1,571.43","1,000",11,"18,570",169%,169.00%
"15 December, 2021","15 December, 2021",307,instagram_bloggers,"6,383",1,1,1,"6,383","6,383","6,383",1,425,7%,7.00%
"15 December, 2021","16 December, 2021",308,instagram_bloggers,"40,000",17,14,17,"2,353","2,857.14","2,352.94",15,"29,574",74%,74.00%
"15 December, 2021","17 December, 2021",309,youtube_bloggers,"30,000",11,6,11,"2,727","5,000","2,727.27",11,"71,345",238%,238.00%
"15 December, 2021","17 December, 2021",310,instagram_bloggers,"5,700",1,1,1,"5,700","5,700","5,700",1,"3,477",61%,61.00%
"15 December, 2021","17 December, 2021",311,telegram_bloggers,"26,500",12,8,9,"2,208","3,312.5","2,944.44",12,"52,828",199%,199.00%
"15 December, 2021","17 December, 2021",312,instagram_bloggers,"53,500",2,2,2,"26,750","26,750","26,750",2,"2,470",5%,5.00%
"15 December, 2021","18 December, 2021",313,instagram_bloggers,"46,630",53,50,53,880,932.6,879.81,51,"179,078",384%,384.00%
"15 December, 2021","19 December, 2021",314,instagram_bloggers,"46,600",8,7,8,"5,825","6,657.14","5,825",7,"63,911",137%,137.00%
"15 December, 2021","19 December, 2021",315,youtube_bloggers,"150,000",189,132,189,794,"1,136.36",793.65,169,"775,929",517%,517.00%
"15 December, 2021","19 December, 2021",316,youtube_bloggers,"85,106",60,55,57,"1,418","1,547.38","1,493.09",49,"121,099",142%,142.00%
"15 December, 2021","19 December, 2021",317,youtube_bloggers,"18,000",6,5,6,"3,000","3,600","3,000",5,"23,588",131%,131.00%
"15 December, 2021","19 December, 2021",318,instagram_bloggers,"36,040",9,9,9,"4,004","4,004.44","4,004.44",7,"24,283",67%,67.00%
"15 December, 2021","20 December, 2021",319,instagram_bloggers,"127,660",53,38,50,"2,409","3,359.47","2,553.2",47,"148,312",116%,116.00%
"15 December, 2021","21 December, 2021",320,instagram_bloggers,"57,000",3,2,2,"19,000","28,500","28,500",3,"12,038",21%,21.00%
"15 December, 2021","21 December, 2021",321,instagram_bloggers,"8,511",4,1,4,"2,128","8,511","2,127.75",3,"19,362",227%,227.00%
"15 December, 2021","21 December, 2021",322,instagram_bloggers,"15,900",4,4,4,"3,975","3,975","3,975",3,"6,808",43%,43.00%
"15 December, 2021","22 December, 2021",323,youtube_bloggers,"63,085",5,4,5,"12,617","15,771.25","12,617",4,"8,298",13%,13.00%
"15 December, 2021","22 December, 2021",324,instagram_bloggers,"53,000",15,14,15,"3,533","3,785.71","3,533.33",13,"78,634",148%,148.00%
"15 December, 2021","23 December, 2021",325,instagram_bloggers,"99,000",26,26,26,"3,808","3,807.69","3,807.69",23,"80,737",82%,82.00%
"15 December, 2021","23 December, 2021",326,youtube_bloggers,"110,000",101,61,86,"1,089","1,803.28","1,279.07",90,"317,554",289%,289.00%
"15 December, 2021","23 December, 2021",327,telegram_bloggers,"6,000",3,2,3,"2,000","3,000","2,000",3,"8,136",136%,136.00%
"15 December, 2021","24 December, 2021",328,instagram_bloggers,"25,000",5,5,5,"5,000","5,000","5,000",5,"4,030",16%,16.00%
"15 December, 2021","24 December, 2021",329,instagram_bloggers,"8,510",11,10,11,774,851,773.64,9,"72,194",848%,848.00%
"15 December, 2021","24 December, 2021",330,youtube_bloggers,"24,000",11,7,10,"2,182","3,428.57","2,400",10,"24,273",101%,101.00%
"15 December, 2021","24 December, 2021",331,youtube_bloggers,"21,300",59,59,59,361,361.02,361.02,51,"186,646",876%,876.00%
"15 December, 2021","24 December, 2021",332,instagram_bloggers,"15,054",6,6,6,"2,509","2,509","2,509",6,"33,171",220%,220.00%
"15 December, 2021","25 December, 2021",333,youtube_bloggers,"60,000",41,41,41,"1,463","1,463.41","1,463.41",39,"158,458",264%,264.00%
"15 December, 2021","30 December, 2021",334,youtube_bloggers,"45,000",5,5,5,"9,000","9,000","9,000",5,"34,399",76%,76.00%
"15 December, 2021","4 January, 2022",335,instagram_bloggers,"25,000",7,7,7,"3,571","3,571.43","3,571.43",7,"43,020",172%,172.00%
"15 December, 2021","16 February, 2022",336,youtube_bloggers,"140,000",31,21,27,"4,516","6,666.67","5,185.19",27,"54,200",39%,0.00%
"17 December, 2021","23 December, 2021",337,youtube_bloggers,"180,000",12,11,12,"15,000","16,363.64","15,000",10,"20,110",11%,11.00%
"17 December, 2021","24 December, 2021",338,youtube_bloggers,"12,000",2,2,2,"6,000","6,000","6,000",1,"6,529",54%,54.00%
"17 December, 2021","27 December, 2021",339,youtube_bloggers,"124,200",60,60,60,"2,070","2,070","2,070",56,"148,220",119%,119.00%
"17 December, 2021","27 December, 2021",340,youtube_bloggers,"106,000",37,37,37,"2,865","2,864.86","2,864.86",35,"111,778",105%,105.00%
"19 December, 2021","22 December, 2021",341,tiktok_bloggers,"17,000",2,0,1,"8,500",0,"17,000",2,"2,990",18%,18.00%
"19 December, 2021","23 December, 2021",342,instagram_bloggers,"35,000",6,6,6,"5,833","5,833.33","5,833.33",6,"20,501",59%,59.00%
"19 December, 2021","27 December, 2021",343,tiktok_bloggers,"2,500",1,0,0,"2,500",0,0,1,"4,130",165%,165.00%
"19 December, 2021","7 January, 2022",344,youtube_bloggers,"75,000",5,3,3,"15,000","25,000","25,000",5,"15,738",21%,0.00%
"19 December, 2021","13 January, 2022",345,instagram_bloggers,"6,390",4,4,4,"1,598","1,597.5","1,597.5",3,"17,618",276%,0.00%
"19 December, 2021","24 January, 2022",346,youtube_bloggers,"25,350",1,1,1,"25,350","25,350","25,350",1,"1,188",5%,0.00%
"21 December, 2021","28 December, 2021",347,instagram_bloggers,"90,000",15,15,15,"6,000","6,000","6,000",13,"80,821",90%,90.00%
"22 December, 2021","22 December, 2021",348,instagram_bloggers,"112,500",37,34,37,"3,041","3,308.82","3,040.54",34,"154,535",137%,137.00%
"30 December, 2021","11 January, 2022",349,telegram_bloggers,"85,000",29,27,29,"2,931","3,148.15","2,931.03",25,"92,266",109%,0.00%
"30 December, 2021","17 January, 2022",350,youtube_bloggers,"130,000",40,39,40,"3,250","3,333.33","3,250",35,"147,574",114%,0.00%
"30 December, 2021","18 January, 2022",351,youtube_bloggers,"116,653",66,66,66,"1,767","1,767.47","1,767.47",64,"242,426",208%,0.00%
"30 December, 2021","20 January, 2022",352,youtube_bloggers,"160,000",92,84,92,"1,739","1,904.76","1,739.13",86,"431,850",270%,0.00%
"30 December, 2021","24 January, 2022",353,youtube_bloggers,"31,800",3,2,3,"10,600","15,900","10,600",3,"21,855",69%,0.00%
"30 December, 2021","27 January, 2022",354,youtube_bloggers,"124,200",89,89,89,"1,396","1,395.51","1,395.51",84,"363,161",292%,0.00%
"30 December, 2021","28 January, 2022",355,youtube_bloggers,"32,000",51,51,51,627,627.45,627.45,46,"135,663",424%,0.00%
"30 December, 2021","20 February, 2022",356,youtube_bloggers,"202,800",79,79,79,"2,567","2,567.09","2,567.09",72,"260,953",129%,0.00%
"10 January, 2022","12 January, 2022",357,telegram_bloggers,"47,872",14,14,14,"3,419","3,419.43","3,419.43",13,"68,797",144%,0.00%
"10 January, 2022","12 January, 2022",358,instagram_bloggers,"20,000",2,2,2,"10,000","10,000","10,000",2,"10,769",54%,0.00%
"10 January, 2022","13 January, 2022",359,youtube_bloggers,"40,000",9,8,9,"4,444","5,000","4,444.44",8,"37,344",93%,0.00%
"10 January, 2022","13 January, 2022",360,instagram_bloggers,"30,000",5,3,4,"6,000","10,000","7,500",4,"16,081",54%,0.00%
"10 January, 2022","14 January, 2022",361,instagram_bloggers,"12,000",2,2,2,"6,000","6,000","6,000",2,"13,995",117%,0.00%
"10 January, 2022","14 January, 2022",362,instagram_bloggers,"5,300",2,2,2,"2,650","2,650","2,650",2,"4,515",85%,0.00%
"10 January, 2022","16 January, 2022",363,twitter_bloggers,"21,500",9,9,9,"2,389","2,388.89","2,388.89",9,"40,904",190%,0.00%
"10 January, 2022","17 January, 2022",364,instagram_bloggers,"60,000",19,19,19,"3,158","3,157.89","3,157.89",17,"64,102",107%,0.00%
"10 January, 2022","17 January, 2022",365,instagram_bloggers,"6,000",1,1,1,"6,000","6,000","6,000",1,"2,165",36%,0.00%
"10 January, 2022","18 January, 2022",366,instagram_bloggers,"20,000",5,5,5,"4,000","4,000","4,000",4,"19,344",97%,0.00%
"10 January, 2022","19 January, 2022",367,youtube_bloggers,"319,148",110,60,89,"2,901","5,319.13","3,585.93",96,"411,872",129%,0.00%
"10 January, 2022","20 January, 2022",368,youtube_bloggers,"63,000",29,28,29,"2,172","2,250","2,172.41",27,"72,846",116%,0.00%
"10 January, 2022","20 January, 2022",369,youtube_bloggers,"109,000",111,110,111,982,990.91,981.98,100,"291,259",267%,0.00%
"10 January, 2022","20 January, 2022",370,youtube_bloggers,"50,000",10,10,10,"5,000","5,000","5,000",9,"52,117",104%,0.00%
"10 January, 2022","21 January, 2022",371,youtube_bloggers,"224,719",37,28,36,"6,073","8,025.68","6,242.19",35,"170,008",76%,0.00%
"10 January, 2022","21 January, 2022",372,instagram_bloggers,"3,500",2,0,1,"1,750",0,"3,500",2,"9,990",285%,0.00%
"10 January, 2022","21 January, 2022",373,instagram_bloggers,"70,000",35,30,35,"2,000","2,333.33","2,000",33,"135,941",194%,0.00%
"10 January, 2022","21 January, 2022",374,instagram_bloggers,"112,500",27,22,27,"4,167","5,113.64","4,166.67",26,"96,423",86%,0.00%
"10 January, 2022","21 January, 2022",375,youtube_bloggers,"300,000",62,56,62,"4,839","5,357.14","4,838.71",54,"168,562",56%,0.00%
"10 January, 2022","21 January, 2022",376,youtube_bloggers,"21,493",11,11,11,"1,954","1,953.91","1,953.91",11,"28,471",132%,0.00%
"10 January, 2022","21 January, 2022",377,instagram_bloggers,"15,000",1,1,1,"15,000","15,000","15,000",0,0,0%,0.00%
"10 January, 2022","22 January, 2022",378,instagram_bloggers,"53,000",6,6,6,"8,833","8,833.33","8,833.33",6,"27,909",53%,0.00%
"10 January, 2022","22 January, 2022",379,instagram_bloggers,"36,040",14,11,11,"2,574","3,276.36","3,276.36",11,"46,577",129%,0.00%
"10 January, 2022","23 January, 2022",380,instagram_bloggers,"139,000",128,96,120,"1,086","1,447.92","1,158.33",122,"521,974",376%,0.00%
"10 January, 2022","24 January, 2022",381,instagram_bloggers,"165,000",7,7,7,"23,571","23,571.43","23,571.43",7,"9,627",6%,0.00%
"10 January, 2022","24 January, 2022",382,youtube_bloggers,"60,000",51,51,51,"1,176","1,176.47","1,176.47",48,"139,799",233%,0.00%
"10 January, 2022","25 January, 2022",383,instagram_bloggers,"60,000",20,20,20,"3,000","3,000","3,000",19,"91,397",152%,0.00%
"10 January, 2022","25 January, 2022",384,youtube_bloggers,"34,000",24,24,24,"1,417","1,416.67","1,416.67",24,"59,639",175%,0.00%
"10 January, 2022","26 January, 2022",385,instagram_bloggers,"47,647",30,30,30,"1,588","1,588.23","1,588.23",26,"80,129",168%,0.00%
"10 January, 2022","26 January, 2022",386,youtube_bloggers,"39,200",10,9,10,"3,920","4,355.56","3,920",10,"26,905",69%,0.00%
"10 January, 2022","26 January, 2022",387,youtube_bloggers,"40,400",11,11,11,"3,673","3,672.73","3,672.73",11,"26,115",65%,0.00%
"10 January, 2022","27 January, 2022",388,youtube_bloggers,"56,000",38,38,38,"1,474","1,473.68","1,473.68",31,"119,771",214%,0.00%
"10 January, 2022","27 January, 2022",389,instagram_bloggers,"200,000",19,13,18,"10,526","15,384.62","11,111.11",18,"80,532",40%,0.00%
"10 January, 2022","27 January, 2022",390,telegram_bloggers,"24,000",14,7,10,"1,714","3,428.57","2,400",13,"43,372",181%,0.00%
"10 January, 2022","27 January, 2022",391,youtube_bloggers,"106,000",61,41,53,"1,738","2,585.37","2,000",59,"127,112",120%,0.00%
"10 January, 2022","28 January, 2022",392,telegram_bloggers,"33,600",2,2,2,"16,800","16,800","16,800",2,"6,556",20%,0.00%
"10 January, 2022","30 January, 2022",393,instagram_bloggers,"89,000",12,8,11,"7,417","11,125","8,090.91",12,"59,354",67%,0.00%
"10 January, 2022","31 January, 2022",394,youtube_bloggers,"60,000",50,50,50,"1,200","1,200","1,200",43,"135,971",227%,0.00%
"10 January, 2022","31 January, 2022",395,instagram_bloggers,"42,400",32,27,32,"1,325","1,570.37","1,325",31,"114,570",270%,0.00%
"10 January, 2022","31 January, 2022",396,youtube_bloggers,"92,800",387,344,387,240,269.77,239.79,350,"1,232,474","1,328%",0.00%
"10 January, 2022","31 January, 2022",397,instagram_bloggers,"20,900",4,4,4,"5,225","5,225","5,225",4,"5,868",28%,0.00%
"10 January, 2022","31 January, 2022",398,telegram_bloggers,"15,000",11,7,11,"1,364","2,142.86","1,363.64",11,"28,148",188%,0.00%
"10 January, 2022","3 February, 2022",399,youtube_bloggers,"111,540",33,28,33,"3,380","3,983.57","3,380",28,"151,478",136%,0.00%
"10 January, 2022","17 February, 2022",400,youtube_bloggers,"540,000",14,13,14,"38,571","41,538.46","38,571.43",14,"77,724",14%,0.00%
"11 January, 2022","14 January, 2022",401,twitter_bloggers,"12,500",7,7,7,"1,786","1,785.71","1,785.71",7,"61,751",494%,0.00%
"11 January, 2022","19 January, 2022",402,instagram_bloggers,"25,000",11,11,11,"2,273","2,272.73","2,272.73",10,"45,116",180%,0.00%
"13 January, 2022","12 January, 2022",403,youtube_bloggers,"99,000",7,6,6,"14,143","16,500","16,500",5,"5,245",5%,0.00%
"13 January, 2022","21 January, 2022",404,instagram_bloggers,"53,000",1,1,1,"53,000","53,000","53,000",1,"1,188",2%,0.00%
"13 January, 2022","30 January, 2022",405,youtube_bloggers,"1,115,400",109,94,101,"10,233","11,865.96","11,043.56",101,"330,280",30%,0.00%
"14 January, 2022","21 January, 2022",406,instagram_bloggers,"5,000",4,4,4,"1,250","1,250","1,250",4,"17,700",354%,0.00%
"17 January, 2022","19 January, 2022",407,twitter_bloggers,"8,000",1,1,1,"8,000","8,000","8,000",1,"1,182",15%,0.00%
"17 January, 2022","20 January, 2022",408,youtube_bloggers,"32,570",4,3,4,"8,143","10,856.67","8,142.5",2,"3,133",10%,0.00%
"17 January, 2022","21 January, 2022",409,tiktok_bloggers,"3,192",1,0,0,"3,192",0,0,1,"2,037",64%,0.00%
"17 January, 2022","21 January, 2022",410,youtube_bloggers,"97,500",14,14,14,"6,964","6,964.29","6,964.29",12,"62,444",64%,0.00%
"17 January, 2022","25 January, 2022",411,instagram_bloggers,"6,000",1,1,1,"6,000","6,000","6,000",1,"10,237",171%,0.00%
"17 January, 2022","31 January, 2022",412,instagram_bloggers,"18,550",11,11,11,"1,686","1,686.36","1,686.36",11,"69,237",373%,0.00%
"19 January, 2022","19 January, 2022",413,twitter_bloggers,"15,000",1,1,1,"15,000","15,000","15,000",1,"1,181",8%,0.00%
"19 January, 2022","24 January, 2022",414,instagram_bloggers,"38,000",2,1,2,"19,000","38,000","19,000",2,"11,709",31%,0.00%
"19 January, 2022","24 January, 2022",415,instagram_bloggers,"32,967",21,19,21,"1,570","1,735.11","1,569.86",20,"58,737",178%,0.00%
"19 January, 2022","26 January, 2022",416,instagram_bloggers,"15,000",1,1,1,"15,000","15,000","15,000",1,989,7%,0.00%
"19 January, 2022","31 January, 2022",417,twitter_bloggers,"3,180",2,2,2,"1,590","1,590","1,590",2,"2,648",83%,0.00%
"24 January, 2022","28 January, 2022",418,instagram_bloggers,"53,500",1,1,1,"53,500","53,500","53,500",1,"15,192",28%,0.00%
"24 January, 2022","28 January, 2022",419,instagram_bloggers,"2,500",2,2,2,"1,250","1,250","1,250",2,"5,793",232%,0.00%
"24 January, 2022","28 January, 2022",420,instagram_bloggers,"10,000",1,0,0,"10,000",0,0,1,419,4%,0.00%
"24 January, 2022","3 February, 2022",421,youtube_bloggers,"25,384",8,8,8,"3,173","3,173","3,173",7,"17,517",69%,0.00%
"26 January, 2022","21 January, 2022",422,youtube_bloggers,"30,000",5,4,5,"6,000","7,500","6,000",4,"13,879",46%,0.00%
"26 January, 2022","26 January, 2022",423,instagram_bloggers,"12,000",1,1,1,"12,000","12,000","12,000",0,0,0%,0.00%
"26 January, 2022","27 January, 2022",424,youtube_bloggers,"74,942",7,5,7,"10,706","14,988.4","10,706",7,"19,332",26%,0.00%
"26 January, 2022","28 January, 2022",425,instagram_bloggers,"11,660",2,2,2,"5,830","5,830","5,830",1,"4,233",36%,0.00%
"27 January, 2022","1 February, 2022",426,youtube_bloggers,"34,043",15,14,15,"2,270","2,431.64","2,269.53",13,"21,546",63%,0.00%
"27 January, 2022","2 February, 2022",427,youtube_bloggers,"130,000",22,14,18,"5,909","9,285.71","7,222.22",21,"40,707",31%,0.00%
"27 January, 2022","2 February, 2022",428,youtube_bloggers,"18,000",14,13,14,"1,286","1,384.62","1,285.71",13,"40,643",226%,0.00%
"27 January, 2022","2 February, 2022",429,instagram_bloggers,"240,000",15,13,15,"16,000","18,461.54","16,000",14,"74,947",31%,0.00%
"27 January, 2022","3 February, 2022",430,telegram_bloggers,"47,872",18,11,18,"2,660","4,352","2,659.56",17,"72,347",151%,0.00%
"27 January, 2022","3 February, 2022",431,telegram_bloggers,"6,000",4,4,4,"1,500","1,500","1,500",4,"12,063",201%,0.00%
"27 January, 2022","4 February, 2022",432,youtube_bloggers,"110,000",11,10,11,"10,000","11,000","10,000",8,"46,253",42%,0.00%
"27 January, 2022","4 February, 2022",433,youtube_bloggers,"36,335",2,2,2,"18,168","18,167.5","18,167.5",2,"10,754",30%,0.00%
"27 January, 2022","6 February, 2022",434,youtube_bloggers,"98,000",18,14,16,"5,444","7,000","6,125",17,"84,134",86%,0.00%
"27 January, 2022","6 February, 2022",435,youtube_bloggers,"150,000",40,32,38,"3,750","4,687.5","3,947.37",36,"96,040",64%,0.00%
"27 January, 2022","7 February, 2022",436,youtube_bloggers,"14,115",2,0,1,"7,058",0,"14,115",2,"7,028",50%,0.00%
"27 January, 2022","7 February, 2022",437,instagram_bloggers,"27,000",18,16,17,"1,500","1,687.5","1,588.24",16,"77,441",287%,0.00%
"27 January, 2022","9 February, 2022",438,instagram_bloggers,"35,000",1,1,1,"35,000","35,000","35,000",1,419,1%,0.00%
"27 January, 2022","10 February, 2022",439,youtube_bloggers,"72,000",36,31,36,"2,000","2,322.58","2,000",33,"135,904",189%,0.00%
"27 January, 2022","10 February, 2022",440,youtube_bloggers,"50,000",6,6,6,"8,333","8,333.33","8,333.33",6,"31,259",63%,0.00%
"27 January, 2022","10 February, 2022",441,twitter_bloggers,"5,320",1,1,1,"5,320","5,320","5,320",1,"1,182",22%,0.00%
"27 January, 2022","11 February, 2022",442,twitter_bloggers,"12,500",5,5,5,"2,500","2,500","2,500",5,"20,403",163%,0.00%
"27 January, 2022","11 February, 2022",443,instagram_bloggers,"81,120",6,4,5,"13,520","20,280","16,224",6,"18,620",23%,0.00%
"27 January, 2022","11 February, 2022",444,youtube_bloggers,"28,000",6,5,6,"4,667","5,600","4,666.67",5,"9,380",34%,0.00%
"27 January, 2022","12 February, 2022",445,youtube_bloggers,"63,600",2,1,2,"31,800","63,600","31,800",2,"13,272",21%,0.00%
"27 January, 2022","12 February, 2022",446,twitter_bloggers,"12,766",2,2,2,"6,383","6,383","6,383",2,"9,991",78%,0.00%
"27 January, 2022","14 February, 2022",447,youtube_bloggers,"100,000",31,28,31,"3,226","3,571.43","3,225.81",27,"96,347",96%,0.00%
"27 January, 2022","15 February, 2022",448,twitter_bloggers,"15,958",4,4,4,"3,990","3,989.5","3,989.5",4,"24,677",155%,0.00%
"27 January, 2022","15 February, 2022",449,instagram_bloggers,"12,000",2,2,2,"6,000","6,000","6,000",2,"2,171",18%,0.00%
"27 January, 2022","15 February, 2022",450,instagram_bloggers,"12,500",3,3,3,"4,167","4,166.67","4,166.67",2,"2,364",19%,0.00%
"27 January, 2022","15 February, 2022",451,instagram_bloggers,"15,900",2,2,2,"7,950","7,950","7,950",2,"2,364",15%,0.00%
"27 January, 2022","16 February, 2022",452,instagram_bloggers,"60,000",20,16,19,"3,000","3,750","3,157.89",17,"63,730",106%,0.00%
"27 January, 2022","16 February, 2022",453,youtube_bloggers,"119,200",56,51,56,"2,129","2,337.25","2,128.57",51,"182,550",153%,0.00%
"27 January, 2022","16 February, 2022",454,twitter_bloggers,"6,383",6,5,6,"1,064","1,276.6","1,063.83",5,"10,483",164%,0.00%
"27 January, 2022","16 February, 2022",455,youtube_bloggers,"440,000",125,92,125,"3,520","4,782.61","3,520",108,"327,368",74%,0.00%
"27 January, 2022","17 February, 2022",456,twitter_bloggers,"5,300",2,2,2,"2,650","2,650","2,650",2,"3,890",73%,0.00%
"27 January, 2022","17 February, 2022",457,instagram_bloggers,"60,000",12,7,10,"5,000","8,571.43","6,000",9,"20,729",35%,0.00%
"27 January, 2022","18 February, 2022",458,youtube_bloggers,"60,000",68,65,68,882,923.08,882.35,59,"231,940",387%,0.00%
"27 January, 2022","18 February, 2022",459,instagram_bloggers,"60,000",15,15,15,"4,000","4,000","4,000",10,"31,826",53%,0.00%
"27 January, 2022","18 February, 2022",460,youtube_bloggers,"109,000",121,75,121,901,"1,453.33",900.83,111,"367,476",337%,0.00%
"27 January, 2022","18 February, 2022",461,instagram_bloggers,"65,000",1,1,1,"65,000","65,000","65,000",1,419,1%,0.00%
"27 January, 2022","18 February, 2022",462,youtube_bloggers,"97,500",27,18,23,"3,611","5,416.67","4,239.13",23,"91,386",94%,0.00%
"27 January, 2022","18 February, 2022",463,youtube_bloggers,"32,000",23,23,23,"1,391","1,391.3","1,391.3",21,"41,763",131%,0.00%
"27 January, 2022","20 February, 2022",464,instagram_bloggers,"48,800",19,19,19,"2,568","2,568.42","2,568.42",18,"26,707",55%,0.00%
"27 January, 2022","20 February, 2022",465,instagram_bloggers,"11,000",3,2,3,"3,667","5,500","3,666.67",1,"8,808",80%,0.00%
"27 January, 2022","21 February, 2022",466,instagram_bloggers,"6,360",1,1,1,"6,360","6,360","6,360",0,0,0%,0.00%
"27 January, 2022","23 February, 2022",467,youtube_bloggers,"34,000",9,9,9,"3,778","3,777.78","3,777.78",9,"24,490",72%,0.00%
"27 January, 2022","24 February, 2022",468,youtube_bloggers,"40,400",12,9,12,"3,367","4,488.89","3,366.67",11,"35,290",87%,0.00%
"27 January, 2022","25 February, 2022",469,telegram_bloggers,"8,480",2,1,2,"4,240","8,480","4,240",2,"2,934",35%,0.00%
"27 January, 2022","28 February, 2022",470,youtube_bloggers,"60,000",31,28,31,"1,935","2,142.86","1,935.48",26,"68,937",115%,0.00%
"28 January, 2022","1 February, 2022",471,instagram_bloggers,"22,000",1,1,1,"22,000","22,000","22,000",1,989,4%,0.00%
"1 February, 2022","8 February, 2022",472,instagram_bloggers,"15,000",3,3,3,"5,000","5,000","5,000",3,"11,175",75%,0.00%
"1 February, 2022","12 February, 2022",473,youtube_bloggers,"15,500",2,0,2,"7,750",0,"7,750",2,"17,321",112%,0.00%
"1 February, 2022","14 February, 2022",474,instagram_bloggers,"4,500",1,0,1,"4,500",0,"4,500",1,"5,754",128%,0.00%
"1 February, 2022","15 February, 2022",475,instagram_bloggers,"20,000",5,5,5,"4,000","4,000","4,000",5,"8,618",43%,0.00%
"1 February, 2022","24 February, 2022",476,youtube_bloggers,"56,000",33,33,33,"1,697","1,696.97","1,696.97",31,"79,669",142%,0.00%
"2 February, 2022","9 February, 2022",477,youtube_bloggers,"790,920",48,36,45,"16,478","21,970","17,576",42,"127,887",16%,0.00%
"2 February, 2022","11 February, 2022",478,youtube_bloggers,"40,000",28,28,28,"1,429","1,428.57","1,428.57",27,"60,993",152%,0.00%
"2 February, 2022","16 February, 2022",479,youtube_bloggers,"60,000",25,25,25,"2,400","2,400","2,400",20,"72,995",122%,0.00%
"2 February, 2022","22 February, 2022",480,youtube_bloggers,"50,400",2,0,2,"25,200",0,"25,200",1,"2,037",4%,0.00%
"3 February, 2022","11 February, 2022",481,instagram_bloggers,"6,500",3,3,3,"2,167","2,166.67","2,166.67",3,"16,514",254%,0.00%
"3 February, 2022","14 February, 2022",482,instagram_bloggers,"7,000",2,2,2,"3,500","3,500","3,500",1,"2,708",39%,0.00%
"3 February, 2022","23 February, 2022",483,instagram_bloggers,"36,171",6,6,6,"6,029","6,028.5","6,028.5",5,"27,540",76%,0.00%
"7 February, 2022","14 February, 2022",484,instagram_bloggers,"95,400",6,6,6,"15,900","15,900","15,900",6,"40,260",42%,0.00%
"8 February, 2022","15 February, 2022",485,instagram_bloggers,"21,500",2,2,2,"10,750","10,750","10,750",2,"10,264",48%,0.00%
"9 February, 2022","11 February, 2022",486,instagram_bloggers,"5,000",1,1,1,"5,000","5,000","5,000",1,989,20%,0.00%
"9 February, 2022","15 February, 2022",487,instagram_bloggers,"6,000",3,1,2,"2,000","6,000","3,000",2,838,14%,0.00%
"10 February, 2022","15 February, 2022",488,youtube_bloggers,"16,890",4,3,3,"4,223","5,630","5,630",4,"11,493",68%,0.00%
"11 February, 2022","15 February, 2022",489,instagram_bloggers,"25,000",4,2,4,"6,250","12,500","6,250",4,"11,012",44%,0.00%
"11 February, 2022","22 February, 2022",490,twitter_bloggers,"6,383",3,2,3,"2,128","3,191.5","2,127.67",3,"15,361",241%,0.00%
"14 February, 2022","16 February, 2022",491,instagram_bloggers,"12,000",5,5,5,"2,400","2,400","2,400",5,"18,878",157%,0.00%
"15 February, 2022","18 February, 2022",492,twitter_bloggers,"5,320",5,5,5,"1,064","1,064","1,064",4,"19,403",365%,0.00%
"16 February, 2022","16 February, 2022",493,telegram_bloggers,"1,500",3,2,2,500,750,750,3,"6,597",440%,0.00%
"16 February, 2022","19 February, 2022",494,instagram_bloggers,"13,000",4,4,4,"3,250","3,250","3,250",4,"17,814",137%,0.00%
"16 February, 2022","23 February, 2022",495,instagram_bloggers,"42,400",4,4,4,"10,600","10,600","10,600",4,"3,009",7%,0.00%
"17 February, 2022","22 February, 2022",496,instagram_bloggers,"21,400",1,1,1,"21,400","21,400","21,400",1,989,5%,0.00%
"1 March, 2022","3 March, 2022",497,youtube_bloggers,"9,575",1,1,1,"9,575","9,575","9,575",1,"1,182",12%,0.00%
"1 March, 2022","3 March, 2022",498,telegram_bloggers,"124,200",38,31,38,"3,268","4,006.45","3,268.42",37,"146,736",118%,0.00%
"1 March, 2022","3 March, 2022",499,youtube_bloggers,"18,000",15,14,15,"1,200","1,285.71","1,200",14,"53,819",299%,0.00%
"1 March, 2022","3 March, 2022",500,instagram_bloggers,"7,500",1,1,1,"7,500","7,500","7,500",1,419,6%,0.00%
"1 March, 2022","3 March, 2022",501,youtube_bloggers,"150,000",63,44,60,"2,381","3,409.09","2,500",56,"166,368",111%,0.00%
"1 March, 2022","5 March, 2022",502,youtube_bloggers,"18,000",5,5,5,"3,600","3,600","3,600",5,"9,339",52%,0.00%
"1 March, 2022","8 March, 2022",503,youtube_bloggers,"40,000",19,19,19,"2,105","2,105.26","2,105.26",18,"46,995",117%,0.00%
"1 March, 2022","10 March, 2022",504,youtube_bloggers,"720,000",36,36,36,"20,000","20,000","20,000",33,"124,383",17%,0.00%
"1 March, 2022","10 March, 2022",505,youtube_bloggers,"25,000",3,2,3,"8,333","12,500","8,333.33",3,"20,986",84%,0.00%
"1 March, 2022","11 March, 2022",506,youtube_bloggers,"160,000",26,26,26,"6,154","6,153.85","6,153.85",22,"124,078",78%,0.00%
"1 March, 2022","13 March, 2022",507,instagram_bloggers,"61,100",17,17,17,"3,594","3,594.12","3,594.12",15,"68,196",112%,0.00%
"1 March, 2022","14 March, 2022",508,instagram_bloggers,"60,000",6,5,6,"10,000","12,000","10,000",5,"8,196",14%,0.00%
"1 March, 2022","14 March, 2022",509,youtube_bloggers,"42,400",35,30,35,"1,211","1,413.33","1,211.43",32,"92,293",218%,0.00%
"1 March, 2022","17 March, 2022",510,youtube_bloggers,"121,000",10,9,10,"12,100","13,444.44","12,100",9,"29,680",25%,0.00%
"1 March, 2022","17 March, 2022",511,youtube_bloggers,"6,200",2,2,2,"3,100","3,100","3,100",0,0,0%,0.00%
"1 March, 2022","18 March, 2022",512,telegram_bloggers,"13,000",2,2,2,"6,500","6,500","6,500",2,"11,131",86%,0.00%
"1 March, 2022","18 March, 2022",513,youtube_bloggers,"300,000",44,28,41,"6,818","10,714.29","7,317.07",38,"105,958",35%,0.00%
"1 March, 2022","18 March, 2022",514,youtube_bloggers,"48,000",28,28,28,"1,714","1,714.29","1,714.29",20,"53,240",111%,0.00%
"1 March, 2022","19 March, 2022",515,youtube_bloggers,"280,000",127,95,122,"2,205","2,947.37","2,295.08",110,"347,619",124%,0.00%
"1 March, 2022","22 March, 2022",516,instagram_bloggers,"54,347",37,25,37,"1,469","2,173.88","1,468.84",36,"89,599",165%,0.00%
"1 March, 2022","22 March, 2022",517,instagram_bloggers,"15,000",8,8,8,"1,875","1,875","1,875",8,"37,939",253%,0.00%
"1 March, 2022","23 March, 2022",518,youtube_bloggers,"149,200",33,33,33,"4,521","4,521.21","4,521.21",31,"120,721",81%,0.00%
"1 March, 2022","24 March, 2022",519,youtube_bloggers,"50,000",18,11,18,"2,778","4,545.45","2,777.78",15,"42,374",85%,0.00%
"1 March, 2022","24 March, 2022",520,instagram_bloggers,"14,583",5,3,5,"2,917","4,861","2,916.6",4,"8,720",60%,0.00%
"1 March, 2022","25 March, 2022",521,youtube_bloggers,"56,000",12,12,12,"4,667","4,666.67","4,666.67",11,"49,958",89%,0.00%
"1 March, 2022","28 March, 2022",522,youtube_bloggers,"100,000",11,10,11,"9,091","10,000","9,090.91",10,"41,020",41%,0.00%
"1 March, 2022","29 March, 2022",523,youtube_bloggers,"96,775",42,32,42,"2,304","3,024.22","2,304.17",36,"114,983",119%,0.00%
"1 March, 2022","29 March, 2022",524,instagram_bloggers,"15,000",5,5,5,"3,000","3,000","3,000",5,"8,380",56%,0.00%
"1 March, 2022","30 March, 2022",525,youtube_bloggers,"100,000",40,40,40,"2,500","2,500","2,500",35,"118,993",119%,0.00%
"1 March, 2022","30 March, 2022",526,instagram_bloggers,"10,700",1,1,1,"10,700","10,700","10,700",1,"4,132",39%,0.00%
"1 March, 2022","31 March, 2022",527,telegram_bloggers,"10,000",10,9,10,"1,000","1,111.11","1,000",9,"16,629",166%,0.00%
"3 March, 2022","14 March, 2022",528,instagram_bloggers,"60,000",10,10,10,"6,000","6,000","6,000",10,"30,044",50%,0.00%
"3 March, 2022","25 March, 2022",529,instagram_bloggers,"70,000",16,16,16,"4,375","4,375","4,375",15,"54,293",78%,0.00%
"3 March, 2022","26 March, 2022",530,instagram_bloggers,"114,000",16,13,16,"7,125","8,769.23","7,125",16,"87,322",77%,0.00%
"9 March, 2022","17 March, 2022",531,youtube_bloggers,"50,000",4,1,4,"12,500","50,000","12,500",4,"12,952",26%,0.00%
"10 March, 2022","11 March, 2022",532,youtube_bloggers,"80,000",1,1,1,"80,000","80,000","80,000",1,419,1%,0.00%
"10 March, 2022","13 March, 2022",533,youtube_bloggers,"202,800",60,60,60,"3,380","3,380","3,380",54,"208,604",103%,0.00%
"11 March, 2022","10 March, 2022",534,instagram_bloggers,"31,800",2,2,2,"15,900","15,900","15,900",2,"4,652",15%,0.00%
"12 March, 2022","12 March, 2022",535,youtube_bloggers,"63,000",29,29,29,"2,172","2,172.41","2,172.41",28,"114,412",182%,0.00%
"12 March, 2022","12 March, 2022",536,instagram_bloggers,"150,000",8,5,7,"18,750","30,000","21,428.57",8,"23,008",15%,0.00%
"15 March, 2022","15 March, 2022",537,instagram_bloggers,"30,000",1,0,1,"30,000",0,"30,000",1,"1,181",4%,0.00%
"16 March, 2022","18 March, 2022",538,instagram_bloggers,"5,000",1,0,1,"5,000",0,"5,000",1,"3,468",69%,0.00%
"16 March, 2022","19 March, 2022",539,youtube_bloggers,"34,043",6,5,6,"5,674","6,808.6","5,673.83",3,"8,884",26%,0.00%
"16 March, 2022","21 March, 2022",540,instagram_bloggers,"53,000",16,12,16,"3,313","4,416.67","3,312.5",16,"76,586",145%,0.00%
"16 March, 2022","22 March, 2022",541,youtube_bloggers,"261,600",67,59,67,"3,904","4,433.9","3,904.48",58,"167,059",64%,0.00%
"16 March, 2022","24 March, 2022",542,youtube_bloggers,"53,191",8,8,8,"6,649","6,648.88","6,648.88",6,"18,991",36%,0.00%
"18 March, 2022","23 March, 2022",543,youtube_bloggers,"42,650",2,2,2,"21,325","21,325","21,325",2,"1,408",3%,0.00%
"18 March, 2022","6 April, 2022",544,instagram_bloggers,"17,560",2,2,2,"8,780","8,780",0,2,838,5%,0.00%
"18 March, 2022","26 April, 2022",545,youtube_bloggers,"28,000",4,2,4,"7,000","14,000",0,3,"4,968",18%,0.00%
"18 March, 2022","26 April, 2022",546,youtube_bloggers,"50,000",6,5,6,"8,333","10,000",0,6,"7,736",15%,0.00%
"21 March, 2022","25 March, 2022",547,instagram_bloggers,"12,000",1,1,1,"12,000","12,000","12,000",1,"7,283",61%,0.00%
"21 March, 2022","25 March, 2022",548,instagram_bloggers,"7,000",1,1,1,"7,000","7,000","7,000",1,419,6%,0.00%
"21 March, 2022","29 March, 2022",549,instagram_bloggers,"24,380",7,6,7,"3,483","4,063.33","3,482.86",6,"18,169",75%,0.00%
"21 March, 2022","31 March, 2022",550,youtube_bloggers,"330,000",10,8,10,"33,000","41,250","33,000",8,"18,914",6%,0.00%
"23 March, 2022","29 March, 2022",551,instagram_bloggers,"4,240",5,5,5,848,848,848,5,"17,527",413%,0.00%
"23 March, 2022","31 March, 2022",552,instagram_bloggers,"30,000",2,2,2,"15,000","15,000","15,000",1,989,3%,0.00%
"23 March, 2022","3 April, 2022",553,youtube_bloggers,"26,175",3,3,3,"8,725","8,725","8,725",3,"18,401",70%,0.00%
"24 March, 2022","24 March, 2022",554,instagram_bloggers,"12,000",1,1,1,"12,000","12,000","12,000",1,"9,756",81%,0.00%
"24 March, 2022","31 March, 2022",555,instagram_bloggers,"10,000",4,1,4,"2,500","10,000","2,500",4,"5,673",57%,0.00%
"24 March, 2022","31 March, 2022",556,instagram_bloggers,"43,000",7,5,7,"6,143","8,600","6,142.86",6,"17,085",40%,0.00%
"25 March, 2022","30 March, 2022",557,youtube_bloggers,"720,000",152,132,150,"4,737","5,454.55","4,800",148,"513,306",71%,0.00%
"28 March, 2022","28 March, 2022",558,instagram_bloggers,"15,000",2,2,2,"7,500","7,500","7,500",2,"1,978",13%,0.00%
"28 March, 2022","29 March, 2022",559,youtube_bloggers,"100,000",21,21,21,"4,762","4,761.9","4,761.9",19,"83,838",84%,0.00%
"28 March, 2022","14 April, 2022",560,youtube_bloggers,"600,000",106,98,106,"5,660","6,122.45",0,91,"248,921",41%,0.00%
"29 March, 2022","29 March, 2022",561,youtube_bloggers,"67,000",14,11,14,"4,786","6,090.91","4,785.71",13,"47,936",72%,0.00%
"29 March, 2022","1 April, 2022",562,telegram_bloggers,"42,400",12,12,12,"3,533","3,533.33","3,533.33",9,"46,925",111%,0.00%
"30 March, 2022","3 April, 2022",563,instagram_bloggers,"112,500",29,19,29,"3,879","5,921.05","3,879.31",25,"59,620",53%,0.00%
"30 March, 2022","4 April, 2022",564,instagram_bloggers,"150,000",21,19,21,"7,143","7,894.74","7,142.86",21,"82,657",55%,0.00%
"30 March, 2022","4 April, 2022",565,telegram_bloggers,"70,000",25,19,25,"2,800","3,684.21","2,800",23,"78,197",112%,0.00%
"30 March, 2022","5 April, 2022",566,instagram_bloggers,"13,250",4,4,4,"3,313","3,312.5","3,312.5",2,"4,742",36%,0.00%
"30 March, 2022","6 April, 2022",567,instagram_bloggers,"25,000",11,8,11,"2,273","3,125",0,11,"36,994",148%,0.00%
"30 March, 2022","7 April, 2022",568,youtube_bloggers,"63,000",46,38,46,"1,370","1,657.89",0,44,"119,109",189%,0.00%
"30 March, 2022","7 April, 2022",569,instagram_bloggers,"15,000",7,7,7,"2,143","2,142.86",0,6,"24,039",160%,0.00%
"30 March, 2022","7 April, 2022",570,youtube_bloggers,"160,000",54,36,54,"2,963","4,444.44",0,50,"200,793",125%,0.00%
"30 March, 2022","10 April, 2022",571,youtube_bloggers,"225,000",20,18,20,"11,250","12,500",0,18,"67,241",30%,0.00%
"30 March, 2022","10 April, 2022",572,youtube_bloggers,"60,000",18,16,18,"3,333","3,750",0,17,"61,934",103%,0.00%
"30 March, 2022","14 April, 2022",573,instagram_bloggers,"60,000",14,14,14,"4,286","4,285.71",0,11,"43,229",72%,0.00%
"30 March, 2022","20 April, 2022",574,instagram_bloggers,"19,000",4,4,4,"4,750","4,750",0,4,"7,960",42%,0.00%
"30 March, 2022","21 April, 2022",575,youtube_bloggers,"56,000",21,21,21,"2,667","2,666.67",0,21,"75,089",134%,0.00%
"30 March, 2022","22 April, 2022",576,instagram_bloggers,"13,780",3,2,3,"4,593","6,890",0,2,"3,696",27%,0.00%
"30 March, 2022","22 April, 2022",577,instagram_bloggers,"70,000",21,19,21,"3,333","3,684.21",0,20,"56,768",81%,0.00%
"30 March, 2022","25 April, 2022",578,twitch_bloggers,"105,319",1,1,1,"105,319","105,319",0,1,"4,231",4%,0.00%
"30 March, 2022","28 April, 2022",579,youtube_bloggers,"93,000",117,111,117,795,837.84,0,105,"255,491",275%,0.00%
"30 March, 2022","30 April, 2022",580,instagram_bloggers,"35,000",24,20,24,"1,458","1,750",0,21,"52,940",151%,0.00%
"30 March, 2022","30 April, 2022",581,youtube_bloggers,"550,000",42,34,42,"13,095","16,176.47",0,37,"99,214",18%,0.00%
"31 March, 2022","31 March, 2022",582,vk_bloggers,"10,000",4,4,4,"2,500","2,500","2,500",4,"14,643",146%,0.00%
"31 March, 2022","31 March, 2022",583,instagram_bloggers,"121,000",48,35,48,"2,521","3,457.14","2,520.83",44,"98,298",81%,0.00%
"31 March, 2022","1 April, 2022",584,telegram_bloggers,"5,300",1,1,1,"5,300","5,300","5,300",1,419,8%,0.00%
"31 March, 2022","1 April, 2022",585,vk_bloggers,"100,000",1,1,1,"100,000","100,000","100,000",1,"6,898",7%,0.00%
"31 March, 2022","3 April, 2022",586,youtube_bloggers,"202,800",151,144,151,"1,343","1,408.33","1,343.05",141,"507,194",250%,0.00%
"31 March, 2022","4 April, 2022",587,telegram_bloggers,"112,360",33,31,33,"3,405","3,624.52","3,404.85",30,"121,189",108%,0.00%
"31 March, 2022","4 April, 2022",588,youtube_bloggers,"40,000",4,3,4,"10,000","13,333.33","10,000",4,"20,254",51%,0.00%
"31 March, 2022","5 April, 2022",589,youtube_bloggers,"18,000",4,4,4,"4,500","4,500","4,500",4,"11,774",65%,0.00%
"31 March, 2022","5 April, 2022",590,telegram_bloggers,"9,540",13,12,13,734,795,733.85,12,"49,901",523%,0.00%
"31 March, 2022","7 April, 2022",591,telegram_bloggers,"50,700",5,5,5,"10,140","10,140",0,5,"18,577",37%,0.00%
"31 March, 2022","8 April, 2022",592,youtube_bloggers,"40,000",22,22,22,"1,818","1,818.18",0,21,"68,722",172%,0.00%
"31 March, 2022","11 April, 2022",593,youtube_bloggers,"20,000",2,2,2,"10,000","10,000",0,2,"1,408",7%,0.00%
"31 March, 2022","11 April, 2022",594,telegram_bloggers,"13,000",10,7,10,"1,300","1,857.14",0,9,"30,153",232%,0.00%
"31 March, 2022","11 April, 2022",595,youtube_bloggers,"130,000",23,14,23,"5,652","9,285.71",0,23,"61,681",47%,0.00%
"31 March, 2022","12 April, 2022",596,telegram_bloggers,"20,000",8,5,8,"2,500","4,000",0,8,"16,576",83%,0.00%
"31 March, 2022","13 April, 2022",597,telegram_bloggers,"35,000",5,5,5,"7,000","7,000",0,4,"15,678",45%,0.00%
"31 March, 2022","13 April, 2022",598,youtube_bloggers,"26,000",3,3,3,"8,667","8,666.67",0,3,"6,592",25%,0.00%
"31 March, 2022","16 April, 2022",599,youtube_bloggers,"100,000",55,55,55,"1,818","1,818.18",0,47,"137,400",137%,0.00%
"31 March, 2022","18 April, 2022",600,instagram_bloggers,"61,100",21,21,21,"2,910","2,909.52",0,20,"52,472",86%,0.00%
"31 March, 2022","20 April, 2022",601,telegram_bloggers,"10,000",2,1,2,"5,000","10,000",0,2,"6,174",62%,0.00%
"31 March, 2022","20 April, 2022",602,telegram_bloggers,"15,000",4,3,4,"3,750","5,000",0,3,"10,974",73%,0.00%
"31 March, 2022","22 April, 2022",603,youtube_bloggers,"48,000",33,33,33,"1,455","1,454.55",0,28,"75,880",158%,0.00%
"31 March, 2022","26 April, 2022",604,youtube_bloggers,"149,200",59,59,59,"2,529","2,528.81",0,56,"153,188",103%,0.00%
"31 March, 2022","26 April, 2022",605,telegram_bloggers,"264,000",25,22,25,"10,560","12,000",0,23,"50,105",19%,0.00%
"31 March, 2022","28 April, 2022",606,telegram_bloggers,"42,000",4,4,4,"10,500","10,500",0,4,"14,225",34%,0.00%
"31 March, 2022","29 April, 2022",607,telegram_bloggers,"10,000",3,3,3,"3,333","3,333.33",0,3,"13,162",132%,0.00%
"31 March, 2022","29 April, 2022",608,telegram_bloggers,"14,840",3,3,3,"4,947","4,946.67",0,3,"5,068",34%,0.00%
"31 March, 2022","29 April, 2022",609,telegram_bloggers,"82,978",4,3,4,"20,745","27,659.33",0,4,"6,911",8%,0.00%
"5 April, 2022","13 April, 2022",610,youtube_bloggers,"374,500",28,23,28,"13,375","16,282.61",0,28,"70,978",19%,0.00%
"5 April, 2022","16 April, 2022",611,youtube_bloggers,"60,000",5,4,5,"12,000","15,000",0,4,"7,027",12%,0.00%
"6 April, 2022","7 April, 2022",612,youtube_bloggers,"60,000",30,24,30,"2,000","2,500",0,28,"91,026",152%,0.00%
"6 April, 2022","23 April, 2022",613,youtube_bloggers,"41,000",1,1,1,"41,000","41,000",0,1,989,2%,0.00%
"8 April, 2022","12 April, 2022",614,instagram_bloggers,"20,000",1,1,1,"20,000","20,000",0,1,"4,991",25%,0.00%
"8 April, 2022","15 April, 2022",615,youtube_bloggers,"900,000",82,76,82,"10,976","11,842.11",0,74,"262,715",29%,0.00%
"8 April, 2022","26 April, 2022",616,youtube_bloggers,"250,000",98,92,98,"2,551","2,717.39",0,91,"216,746",87%,0.00%
"8 April, 2022","29 April, 2022",617,youtube_bloggers,"19,000",9,9,9,"2,111","2,111.11",0,9,"18,435",97%,0.00%
"11 April, 2022","12 April, 2022",618,telegram_bloggers,"17,204",7,7,7,"2,458","2,457.71",0,7,"16,834",98%,0.00%
"11 April, 2022","15 April, 2022",619,instagram_bloggers,"15,000",7,6,7,"2,143","2,500",0,7,"21,511",143%,0.00%
"11 April, 2022","21 April, 2022",620,youtube_bloggers,"40,000",3,3,3,"13,333","13,333.33",0,2,"7,029",18%,0.00%
"13 April, 2022","19 April, 2022",621,youtube_bloggers,"55,000",1,1,1,"55,000","55,000",0,1,989,2%,0.00%
"13 April, 2022","29 April, 2022",622,instagram_bloggers,"25,000",1,1,1,"25,000","25,000",0,1,419,2%,0.00%
"13 April, 2022","30 April, 2022",623,youtube_bloggers,"54,348",3,3,3,"18,116","18,116",0,3,"6,016",11%,0.00%
"14 April, 2022","19 April, 2022",624,instagram_bloggers,"21,200",1,1,1,"21,200","21,200",0,1,"5,756",27%,0.00%
"15 April, 2022","21 April, 2022",625,youtube_bloggers,"53,500",24,23,24,"2,229","2,326.09",0,24,"56,716",106%,0.00%
"15 April, 2022","27 April, 2022",626,telegram_bloggers,"26,750",5,4,5,"5,350","6,687.5",0,4,"4,725",18%,0.00%
"18 April, 2022","20 April, 2022",627,instagram_bloggers,"12,000",3,3,3,"4,000","4,000",0,3,"6,250",52%,0.00%
"20 April, 2022","22 April, 2022",628,telegram_bloggers,"25,000",2,2,2,"12,500","12,500",0,2,"8,646",35%,0.00%
"20 April, 2022","25 April, 2022",629,instagram_bloggers,"20,800",2,1,2,"10,400","20,800",0,2,"10,457",50%,0.00%
"20 April, 2022","26 April, 2022",630,telegram_bloggers,"6,240",1,1,1,"6,240","6,240",0,1,419,7%,0.00%
"20 April, 2022","29 April, 2022",631,instagram_bloggers,"25,000",1,1,1,"25,000","25,000",0,1,"5,754",23%,0.00%
"21 April, 2022","26 April, 2022",632,telegram_bloggers,"20,000",2,2,2,"10,000","10,000",0,2,"6,837",34%,0.00%
"22 April, 2022","28 April, 2022",633,youtube_bloggers,"34,043",6,6,6,"5,674","5,673.83",0,6,"14,612",43%,0.00%
"23 April, 2022","23 April, 2022",634,telegram_bloggers,"16,000",1,1,1,"16,000","16,000",0,1,"6,132",38%,0.00%
"25 April, 2022","29 April, 2022",635,telegram_bloggers,"10,600",6,6,6,"1,767","1,766.67",0,6,"19,073",180%,0.00%
"25 April, 2022","29 April, 2022",636,instagram_bloggers,"8,480",2,2,2,"4,240","4,240",0,2,"11,125",131%,0.00%
"26 April, 2022","27 April, 2022",637,instagram_bloggers,"5,300",3,3,3,"1,767","1,766.67",0,2,"5,410",102%,0.00%
"27 April, 2022","28 April, 2022",638,vk_bloggers,"8,978",2,2,2,"4,489","4,489",0,2,"6,936",77%,0.00%
"28 April, 2022","29 April, 2022",639,instagram_bloggers,"12,000",2,2,2,"6,000","6,000",0,2,"1,408",12%,0.00%
"30 April, 2022","2 May, 2022",640,youtube_bloggers,"18,000",7,7,7,"2,571","2,571.43",0,5,"9,994",56%,0.00%
"30 April, 2022","5 May, 2022",641,telegram_bloggers,"15,000",9,9,9,"1,667","1,666.67",0,9,"28,525",190%,0.00%
"30 April, 2022","5 May, 2022",642,instagram_bloggers,"10,000",6,5,6,"1,667","2,000",0,6,"13,846",138%,0.00%
"30 April, 2022","5 May, 2022",643,instagram_bloggers,"14,875",2,2,2,"7,438","7,437.5",0,1,"6,702",45%,0.00%
"30 April, 2022","5 May, 2022",644,telegram_bloggers,"8,000",2,1,2,"4,000","8,000",0,1,"1,943",24%,0.00%
"30 April, 2022","6 May, 2022",645,instagram_bloggers,"42,400",3,3,3,"14,133","14,133.33",0,2,"9,216",22%,0.00%
"30 April, 2022","6 May, 2022",646,youtube_bloggers,"14,875",4,4,4,"3,719","3,718.75",0,3,"4,305",29%,0.00%
"30 April, 2022","8 May, 2022",647,instagram_bloggers,"35,000",9,8,9,"3,889","4,375",0,9,"23,572",67%,0.00%
"30 April, 2022","10 May, 2022",648,telegram_bloggers,"15,000",1,1,1,"15,000","15,000",0,1,"3,467",23%,0.00%
"30 April, 2022","11 May, 2022",649,instagram_bloggers,"20,000",4,4,4,"5,000","5,000",0,4,"12,816",64%,0.00%
"30 April, 2022","11 May, 2022",650,telegram_bloggers,"42,400",13,12,13,"3,262","3,533.33",0,10,"20,474",48%,0.00%
"30 April, 2022","12 May, 2022",651,youtube_bloggers,"63,600",43,39,43,"1,479","1,630.77",0,40,"81,134",128%,0.00%
"30 April, 2022","12 May, 2022",652,twitter_bloggers,"6,383",1,1,1,"6,383","6,383",0,1,419,7%,0.00%
"30 April, 2022","12 May, 2022",653,instagram_bloggers,"5,000",3,3,3,"1,667","1,666.67",0,3,"3,445",69%,0.00%
"30 April, 2022","13 May, 2022",654,youtube_bloggers,"40,000",15,15,15,"2,667","2,666.67",0,14,"14,906",37%,0.00%
"30 April, 2022","13 May, 2022",655,telegram_bloggers,"9,540",2,2,2,"4,770","4,770",0,2,"9,214",97%,0.00%
"30 April, 2022","13 May, 2022",656,youtube_bloggers,"60,000",18,15,18,"3,333","4,000",0,17,"29,365",49%,0.00%
"30 April, 2022","13 May, 2022",657,instagram_bloggers,"20,000",2,2,2,"10,000","10,000",0,2,"6,265",31%,0.00%
"30 April, 2022","14 May, 2022",658,youtube_bloggers,"31,800",1,0,1,"31,800",0,0,1,495,2%,0.00%
"30 April, 2022","14 May, 2022",659,youtube_bloggers,"15,600",7,7,7,"2,229","2,228.57",0,7,"14,742",95%,0.00%
"30 April, 2022","15 May, 2022",660,youtube_bloggers,"100,000",64,64,64,"1,563","1,562.5",0,60,"114,823",115%,0.00%
"30 April, 2022","15 May, 2022",661,youtube_bloggers,"39,600",3,3,3,"13,200","13,200",0,2,"5,314",13%,0.00%
"30 April, 2022","15 May, 2022",662,instagram_bloggers,"31,800",6,4,6,"5,300","7,950",0,5,"7,523",24%,0.00%
"30 April, 2022","16 May, 2022",663,instagram_bloggers,"60,000",2,2,2,"30,000","30,000",0,2,"7,696",13%,0.00%
"30 April, 2022","16 May, 2022",664,youtube_bloggers,"60,000",35,35,35,"1,714","1,714.29",0,31,"71,659",119%,0.00%
"30 April, 2022","16 May, 2022",665,youtube_bloggers,"261,600",34,33,34,"7,694","7,927.27",0,30,"67,530",26%,0.00%
"30 April, 2022","16 May, 2022",666,youtube_bloggers,"192,500",56,52,56,"3,438","3,701.92",0,49,"86,512",45%,0.00%
"30 April, 2022","16 May, 2022",667,twitter_bloggers,"15,960",1,1,1,"15,960","15,960",0,1,989,6%,0.00%
"30 April, 2022","16 May, 2022",668,instagram_bloggers,"19,000",6,6,6,"3,167","3,166.67",0,5,"9,273",49%,0.00%
"30 April, 2022","17 May, 2022",669,telegram_bloggers,"10,000",2,2,2,"5,000","5,000",0,2,"7,697",77%,0.00%
"30 April, 2022","17 May, 2022",670,youtube_bloggers,"744,680",71,71,71,"10,488","10,488.45",0,71,"211,246",28%,0.00%
"30 April, 2022","17 May, 2022",671,instagram_bloggers,"26,750",2,2,2,"13,375","13,375",0,2,"6,172",23%,0.00%
"30 April, 2022","18 May, 2022",672,instagram_bloggers,"61,100",15,15,15,"4,073","4,073.33",0,14,"36,341",59%,0.00%
"30 April, 2022","18 May, 2022",673,youtube_bloggers,"660,000",102,88,102,"6,471","7,500",0,95,"146,201",22%,0.00%
"30 April, 2022","18 May, 2022",674,telegram_bloggers,"70,000",22,19,22,"3,182","3,684.21",0,20,"42,847",61%,0.00%
"30 April, 2022","18 May, 2022",675,telegram_bloggers,"26,500",8,7,8,"3,313","3,785.71",0,6,"10,897",41%,0.00%
"30 April, 2022","19 May, 2022",676,youtube_bloggers,"56,000",16,16,16,"3,500","3,500",0,15,"15,999",29%,0.00%
"30 April, 2022","19 May, 2022",677,instagram_bloggers,"116,686",34,34,34,"3,432","3,431.94",0,31,"63,259",54%,0.00%
"30 April, 2022","19 May, 2022",678,youtube_bloggers,"44,350",16,16,16,"2,772","2,771.88",0,12,"17,884",40%,0.00%
"30 April, 2022","19 May, 2022",679,telegram_bloggers,"173,750",57,50,57,"3,048","3,475",0,55,"105,029",60%,0.00%
"30 April, 2022","20 May, 2022",680,youtube_bloggers,"82,800",5,5,5,"16,560","16,560",0,5,"10,508",13%,0.00%
"30 April, 2022","20 May, 2022",681,instagram_bloggers,"15,650",4,4,4,"3,913","3,912.5",0,4,"7,010",45%,0.00%
"30 April, 2022","20 May, 2022",682,youtube_bloggers,"48,000",35,34,35,"1,371","1,411.76",0,34,"51,503",107%,0.00%
"30 April, 2022","21 May, 2022",683,instagram_bloggers,"7,910",1,1,1,"7,910","7,910",0,1,"3,467",44%,0.00%
"30 April, 2022","21 May, 2022",684,youtube_bloggers,"65,242",2,2,2,"32,621","32,621",0,2,"4,649",7%,0.00%
"30 April, 2022","22 May, 2022",685,youtube_bloggers,"180,000",5,5,5,"36,000","36,000",0,4,"14,055",8%,0.00%
"30 April, 2022","23 May, 2022",686,youtube_bloggers,"149,200",55,55,55,"2,713","2,712.73",0,48,"80,361",54%,0.00%
"30 April, 2022","23 May, 2022",687,instagram_bloggers,"70,000",18,18,18,"3,889","3,888.89",0,16,"27,257",39%,0.00%
"30 April, 2022","24 May, 2022",688,instagram_bloggers,"6,500",2,2,2,"3,250","3,250",0,2,"2,932",45%,0.00%
"30 April, 2022","24 May, 2022",689,youtube_bloggers,"63,000",38,37,38,"1,658","1,702.7",0,36,"56,465",90%,0.00%
"30 April, 2022","24 May, 2022",690,youtube_bloggers,"109,000",70,70,70,"1,557","1,557.14",0,62,"115,394",106%,0.00%
"30 April, 2022","24 May, 2022",691,twitter_bloggers,"6,360",3,3,3,"2,120","2,120",0,3,"5,922",93%,0.00%
"30 April, 2022","24 May, 2022",692,youtube_bloggers,"34,216",4,4,4,"8,554","8,554",0,4,"10,821",32%,0.00%
"30 April, 2022","26 May, 2022",693,youtube_bloggers,"87,626",1,1,1,"87,626","87,626",0,1,"1,181",1%,0.00%
"30 April, 2022","26 May, 2022",694,youtube_bloggers,"800,000",131,125,131,"6,107","6,400",0,121,"205,519",26%,0.00%
"30 April, 2022","27 May, 2022",695,instagram_bloggers,"30,000",11,11,11,"2,727","2,727.27",0,11,"20,321",68%,0.00%
"30 April, 2022","27 May, 2022",696,instagram_bloggers,"53,500",16,16,16,"3,344","3,343.75",0,14,"21,295",40%,0.00%
"30 April, 2022","29 May, 2022",697,youtube_bloggers,"10,600",1,1,1,"10,600","10,600",0,1,"2,036",19%,0.00%
"30 April, 2022","30 May, 2022",698,youtube_bloggers,"21,600",6,5,6,"3,600","4,320",0,4,"15,357",71%,0.00%
"30 April, 2022","31 May, 2022",699,instagram_bloggers,"20,000",9,9,9,"2,222","2,222.22",0,8,"6,854",34%,0.00%
"2 May, 2022","15 May, 2022",700,youtube_bloggers,"100,000",44,44,44,"2,273","2,272.73",0,38,"86,380",86%,0.00%
"7 May, 2022","7 May, 2022",701,youtube_bloggers,"202,800",88,88,88,"2,305","2,304.55",0,83,"200,873",99%,0.00%
"11 May, 2022","20 May, 2022",702,youtube_bloggers,"9,600",1,1,1,"9,600","9,600",0,0,0,0%,0.00%
"12 May, 2022","16 May, 2022",703,instagram_bloggers,"5,830",2,2,2,"2,915","2,915",0,2,"2,455",42%,0.00%
"12 May, 2022","25 May, 2022",704,instagram_bloggers,"10,700",3,3,3,"3,567","3,566.67",0,3,"7,254",68%,0.00%
"13 May, 2022","17 May, 2022",705,youtube_bloggers,"34,043",11,10,11,"3,095","3,404.3",0,9,"28,333",83%,0.00%
"13 May, 2022","17 May, 2022",706,youtube_bloggers,"124,200",76,76,76,"1,634","1,634.21",0,64,"130,900",105%,0.00%
"13 May, 2022","19 May, 2022",707,instagram_bloggers,"12,000",4,4,4,"3,000","3,000",0,3,"4,113",34%,0.00%
"13 May, 2022","27 May, 2022",708,instagram_bloggers,"11,000",2,2,2,"5,500","5,500",0,2,"3,124",28%,0.00%
"16 May, 2022","17 May, 2022",709,telegram_bloggers,"50,700",13,12,13,"3,900","4,225",0,11,"25,435",50%,0.00%
"16 May, 2022","30 May, 2022",710,telegram_bloggers,"23,656",22,22,22,"1,075","1,075.27",0,18,"38,186",161%,0.00%
"16 May, 2022","30 May, 2022",711,instagram_bloggers,"148,388",17,17,17,"8,729","8,728.71",0,17,"23,678",16%,0.00%
"17 May, 2022","18 May, 2022",712,youtube_bloggers,"900,000",45,45,45,"20,000","20,000",0,40,"98,287",11%,0.00%
"18 May, 2022","25 May, 2022",713,instagram_bloggers,"5,800",1,1,1,"5,800","5,800",0,1,"2,706",47%,0.00%
"18 May, 2022","25 May, 2022",714,instagram_bloggers,"8,480",2,2,2,"4,240","4,240",0,2,"3,886",46%,0.00%
"18 May, 2022","26 May, 2022",715,telegram_bloggers,"6,000",1,1,1,"6,000","6,000",0,0,0,0%,0.00%
"18 May, 2022","26 May, 2022",716,instagram_bloggers,"42,400",2,2,2,"21,200","21,200",0,2,629,1%,0.00%
"18 May, 2022","28 May, 2022",717,youtube_bloggers,"6,000",2,2,2,"3,000","3,000",0,2,"1,408",23%,0.00%
"18 May, 2022","31 May, 2022",718,telegram_bloggers,"18,000",1,0,1,"18,000",0,0,0,0,0%,0.00%
"19 May, 2022","26 May, 2022",719,youtube_bloggers,"107,000",40,40,40,"2,675","2,675",0,36,"66,734",62%,0.00%
"19 May, 2022","30 May, 2022",720,youtube_bloggers,"76,272",11,11,11,"6,934","6,933.82",0,9,"11,182",15%,0.00%
"19 May, 2022","31 May, 2022",721,youtube_bloggers,"228,384",33,33,33,"6,921","6,920.73",0,27,"36,829",16%,0.00%
"20 May, 2022","30 May, 2022",722,telegram_bloggers,"10,600",2,2,2,"5,300","5,300",0,2,"7,598",72%,0.00%
"23 May, 2022","25 May, 2022",723,instagram_bloggers,"15,000",2,2,2,"7,500","7,500",0,2,"3,217",21%,0.00%
"23 May, 2022","30 May, 2022",724,telegram_bloggers,"26,500",2,2,2,"13,250","13,250",0,1,989,4%,0.00%
"23 May, 2022","30 May, 2022",725,instagram_bloggers,"7,500",1,1,1,"7,500","7,500",0,1,"2,036",27%,0.00%
"26 May, 2022","31 May, 2022",726,instagram_bloggers,"114,000",31,30,31,"3,677","3,800",0,26,"36,718",32%,0.00%
"27 May, 2022","30 May, 2022",727,facebook_bloggers,"20,000",2,2,2,"10,000","10,000",0,2,"3,217",16%,0.00%
"29 May, 2022","31 May, 2022",728,youtube_bloggers,"25,400",1,1,1,"25,400","25,400",0,1,"1,181",5%,0.00%
"30 May, 2022","30 May, 2022",729,telegram_bloggers,"10,800",2,2,2,"5,400","5,400",0,2,"5,503",51%,0.00%
"31 May, 2022","1 June, 2022",730,youtube_bloggers,"19,000",1,1,1,"19,000","19,000",0,1,"1,943",10%,0.00%
"31 May, 2022","1 June, 2022",731,youtube_bloggers,"674,157",157,151,157,"4,294","4,464.62",0,131,"150,796",22%,0.00%
"31 May, 2022","1 June, 2022",732,youtube_bloggers,"111,600",12,12,12,"9,300","9,300",0,12,"11,678",10%,0.00%
"31 May, 2022","1 June, 2022",733,telegram_bloggers,"16,050",3,3,3,"5,350","5,350",0,2,"3,293",21%,0.00%
"31 May, 2022","1 June, 2022",734,instagram_bloggers,"20,000",2,2,2,"10,000","10,000",0,2,"3,694",18%,0.00%
"31 May, 2022","2 June, 2022",735,vk_bloggers,"10,000",26,26,26,385,384.62,0,24,"34,311",343%,0.00%
"31 May, 2022","2 June, 2022",736,telegram_bloggers,"10,600",6,6,6,"1,767","1,766.67",0,6,"14,603",138%,0.00%
"31 May, 2022","2 June, 2022",737,instagram_bloggers,"15,000",1,1,1,"15,000","15,000",0,1,419,3%,0.00%
"31 May, 2022","2 June, 2022",738,instagram_bloggers,"12,766",3,3,3,"4,255","4,255.33",0,2,"3,979",31%,0.00%
"31 May, 2022","3 June, 2022",739,youtube_bloggers,"40,000",11,11,11,"3,636","3,636.36",0,10,"20,664",52%,0.00%
"31 May, 2022","3 June, 2022",740,youtube_bloggers,"150,000",10,10,10,"15,000","15,000",0,9,"8,035",5%,0.00%
"31 May, 2022","3 June, 2022",741,instagram_bloggers,"7,000",1,1,1,"7,000","7,000",0,1,419,6%,0.00%
"31 May, 2022","5 June, 2022",742,youtube_bloggers,"202,800",93,93,93,"2,181",0,0,81,"108,431",53%,0.00%
"31 May, 2022","5 June, 2022",743,youtube_bloggers,"67,200",77,77,77,873,0,0,68,"86,076",128%,0.00%
"31 May, 2022","5 June, 2022",744,youtube_bloggers,"120,000",9,9,9,"13,333",0,0,8,"17,156",14%,0.00%
"31 May, 2022","6 June, 2022",745,telegram_bloggers,"110,000",9,9,9,"12,222",0,0,8,"11,536",10%,0.00%
"31 May, 2022","7 June, 2022",746,youtube_bloggers,"109,000",98,98,98,"1,112",0,0,82,"98,195",90%,0.00%
"31 May, 2022","7 June, 2022",747,youtube_bloggers,"9,383",1,1,1,"9,383",0,0,0,0,0%,0.00%
"31 May, 2022","8 June, 2022",748,instagram_bloggers,"5,300",1,1,1,"5,300",0,0,1,210,4%,0.00%
"31 May, 2022","8 June, 2022",749,youtube_bloggers,"15,000",3,3,3,"5,000",0,0,3,"2,019",13%,0.00%
"31 May, 2022","8 June, 2022",750,telegram_bloggers,"10,000",1,1,1,"10,000",0,0,1,210,2%,0.00%
"31 May, 2022","8 June, 2022",751,youtube_bloggers,"250,000",47,47,47,"5,319",0,0,36,"43,899",18%,0.00%
"31 May, 2022","10 June, 2022",752,youtube_bloggers,"60,000",35,35,35,"1,714",0,0,26,"38,864",65%,0.00%
"31 May, 2022","10 June, 2022",753,youtube_bloggers,"225,000",27,27,27,"8,333",0,0,24,"24,777",11%,0.00%
"31 May, 2022","11 June, 2022",754,instagram_bloggers,"24,380",2,2,2,"12,190",0,0,2,"2,932",12%,0.00%
"31 May, 2022","12 June, 2022",755,instagram_bloggers,"41,245",12,12,12,"3,437",0,0,10,"9,594",23%,0.00%
"31 May, 2022","12 June, 2022",756,youtube_bloggers,"180,000",11,11,11,"16,364",0,0,9,"10,322",6%,0.00%
"31 May, 2022","13 June, 2022",757,youtube_bloggers,"60,000",9,9,9,"6,667",0,0,7,"9,887",16%,0.00%
"31 May, 2022","14 June, 2022",758,instagram_bloggers,"15,000",3,3,3,"5,000",0,0,3,"3,787",25%,0.00%
"31 May, 2022","14 June, 2022",759,youtube_bloggers,"30,000",15,15,15,"2,000",0,0,12,"7,351",25%,0.00%
"31 May, 2022","15 June, 2022",760,telegram_bloggers,"264,000",33,33,33,"8,000",0,0,26,"23,551",9%,0.00%
"31 May, 2022","16 June, 2022",761,instagram_bloggers,"60,000",8,8,8,"7,500",0,0,7,"7,198",12%,0.00%
"31 May, 2022","16 June, 2022",762,youtube_bloggers,"95,744",42,42,42,"2,280",0,0,33,"30,949",32%,0.00%
"31 May, 2022","16 June, 2022",763,youtube_bloggers,"115,000",1,1,1,"115,000",0,0,1,"1,181",1%,0.00%
"31 May, 2022","16 June, 2022",764,youtube_bloggers,"56,000",12,12,12,"4,667",0,0,11,"10,283",18%,0.00%
"31 May, 2022","16 June, 2022",765,youtube_bloggers,"30,742",1,1,1,"30,742",0,0,1,"1,944",6%,0.00%
"31 May, 2022","17 June, 2022",766,instagram_bloggers,"7,000",1,1,1,"7,000",0,0,1,"2,706",39%,0.00%
"31 May, 2022","17 June, 2022",767,instagram_bloggers,"19,000",3,3,3,"6,333",0,0,3,"2,589",14%,0.00%
"31 May, 2022","18 June, 2022",768,youtube_bloggers,"1,600,000",79,79,79,"20,253",0,0,66,"63,828",4%,0.00%
"31 May, 2022","19 June, 2022",769,youtube_bloggers,"101,105",42,42,42,"2,407",0,0,35,"22,884",23%,0.00%
"31 May, 2022","19 June, 2022",770,instagram_bloggers,"25,000",2,2,2,"12,500",0,0,2,"3,218",13%,0.00%
"31 May, 2022","20 June, 2022",771,instagram_bloggers,"15,958",3,3,3,"5,319",0,0,3,"2,589",16%,0.00%
"31 May, 2022","23 June, 2022",772,youtube_bloggers,"18,000",3,3,3,"6,000",0,0,3,"2,020",11%,0.00%
"31 May, 2022","24 June, 2022",773,youtube_bloggers,"34,043",9,9,9,"3,783",0,0,6,"3,806",11%,0.00%
"31 May, 2022","24 June, 2022",774,telegram_bloggers,"70,000",6,6,6,"11,667",0,0,5,"3,982",6%,0.00%
"31 May, 2022","25 June, 2022",775,youtube_bloggers,"100,000",28,28,28,"3,571",0,0,20,"10,554",11%,0.00%
"31 May, 2022","25 June, 2022",776,youtube_bloggers,"15,900",1,1,1,"15,900",0,0,1,210,1%,0.00%
"31 May, 2022","26 June, 2022",777,twitch_bloggers,"100,000",1,1,1,"100,000",0,0,0,0,0%,0.00%
"31 May, 2022","26 June, 2022",778,youtube_bloggers,"133,200",3,3,3,"44,400",0,0,1,210,0%,0.00%
"31 May, 2022","29 June, 2022",779,telegram_bloggers,"15,958",2,2,2,"7,979",0,0,2,420,3%,0.00%
"31 May, 2022","29 June, 2022",780,instagram_bloggers,"37,100",4,4,4,"9,275",0,0,3,"1,257",3%,0.00%
"31 May, 2022","29 June, 2022",781,instagram_bloggers,"70,000",5,5,5,"14,000",0,0,2,838,1%,0.00%
"31 May, 2022","30 June, 2022",782,telegram_bloggers,"13,000",3,3,3,"4,333",0,0,2,838,6%,0.00%
"31 May, 2022","30 June, 2022",783,youtube_bloggers,"390,000",3,3,3,"130,000",0,0,2,629,0%,0.00%
"31 May, 2022","30 June, 2022",784,instagram_bloggers,"2,500",1,1,1,"2,500",0,0,0,0,0%,0.00%
"1 June, 2022","1 June, 2022",785,youtube_bloggers,"650,000",61,61,61,"10,656","10,655.74",0,53,"87,993",14%,0.00%
"2 June, 2022","10 June, 2022",786,youtube_bloggers,"22,500",3,3,3,"7,500",0,0,3,"3,351",15%,0.00%
"2 June, 2022","15 June, 2022",787,instagram_bloggers,"15,600",2,2,2,"7,800",0,0,2,"2,246",14%,0.00%
"3 June, 2022","20 June, 2022",788,instagram_bloggers,"116,686",16,16,16,"7,293",0,0,13,"4,856",4%,0.00%
"3 June, 2022","23 June, 2022",789,instagram_bloggers,"53,500",16,16,16,"3,344",0,0,13,"7,124",13%,0.00%
"3 June, 2022","27 June, 2022",790,youtube_bloggers,"107,000",7,7,7,"15,286",0,0,4,"1,467",1%,0.00%
"6 June, 2022","13 June, 2022",791,telegram_bloggers,"28,620",3,3,3,"9,540",0,0,3,"6,970",24%,0.00%
"6 June, 2022","15 June, 2022",792,telegram_bloggers,"66,000",5,5,5,"13,200",0,0,3,"2,589",4%,0.00%
"6 June, 2022","16 June, 2022",793,instagram_bloggers,"244,681",31,31,31,"7,893",0,0,31,"34,681",14%,0.00%
"6 June, 2022","17 June, 2022",794,youtube_bloggers,"116,875",3,3,3,"38,958",0,0,3,"3,636",3%,0.00%
"6 June, 2022","17 June, 2022",795,telegram_bloggers,"150,000",2,2,2,"75,000",0,0,2,914,1%,0.00%
"6 June, 2022","22 June, 2022",796,instagram_bloggers,"19,080",2,2,2,"9,540",0,0,2,"1,978",10%,0.00%
"8 June, 2022","10 June, 2022",797,youtube_bloggers,"744,680",69,69,69,"10,792",0,0,60,"68,223",9%,0.00%
"8 June, 2022","22 June, 2022",798,youtube_bloggers,"67,000",3,3,3,"22,333",0,0,2,838,1%,0.00%
"8 June, 2022","27 June, 2022",799,instagram_bloggers,"167,000",1,1,1,"167,000",0,0,1,419,0%,0.00%
"8 June, 2022","29 June, 2022",800,instagram_bloggers,"10,000",2,2,2,"5,000",0,0,2,914,9%,0.00%
"10 June, 2022","24 June, 2022",801,instagram_bloggers,"40,922",2,2,2,"20,461",0,0,1,"1,182",3%,0.00%
"14 June, 2022","14 June, 2022",802,youtube_bloggers,"659,100",49,49,49,"13,451",0,0,43,"53,630",8%,0.00%
"14 June, 2022","15 June, 2022",803,youtube_bloggers,"100,000",36,36,36,"2,778",0,0,26,"31,116",31%,0.00%
"14 June, 2022","24 June, 2022",804,instagram_bloggers,"47,700",3,3,3,"15,900",0,0,3,"2,590",5%,0.00%
"14 June, 2022","27 June, 2022",805,instagram_bloggers,"21,200",5,5,5,"4,240",0,0,5,"1,677",8%,0.00%
"14 June, 2022","29 June, 2022",806,youtube_bloggers,"136,800",1,1,1,"136,800",0,0,1,210,0%,0.00%
"15 June, 2022","24 June, 2022",807,instagram_bloggers,"10,600",1,1,1,"10,600",0,0,1,419,4%,0.00%
"15 June, 2022","24 June, 2022",808,instagram_bloggers,"80,000",5,5,5,"16,000",0,0,5,"2,858",4%,0.00%
"16 June, 2022","30 June, 2022",809,youtube_bloggers,"82,800",7,7,7,"11,829",0,0,5,"2,022",2%,0.00%
"16 June, 2022","1 July, 2022",810,youtube_bloggers,"63,000",10,10,10,"6,300",0,0,4,840,1%,0.00%
"16 June, 2022","1 July, 2022",811,youtube_bloggers,"75,000",4,4,4,"18,750",0,0,3,"1,393",2%,0.00%
"16 June, 2022","3 July, 2022",812,youtube_bloggers,"202,800",6,6,6,"33,800",0,0,3,915,0%,0.00%